Crop,Top producer,Reinforcement country,Available capacity tonnes
Barley,Russian Federation,Ukraine,5760706.666666667
Barley,Russian Federation,Spain,5257582.333333333
Barley,Russian Federation,Canada,4648532.333333334
Barley,Russian Federation,United States of America,3439056.6666666665
Barley,Russian Federation,Germany,2621887.0
Barley,Russian Federation,Syrian Arab Republic,2500701.553333333
Barley,Russian Federation,"China, mainland",2458113.95
Barley,Russian Federation,Morocco,2161220.1066666665
Barley,Russian Federation,France,1982003.333333334
Barley,Russian Federation,Türkiye,1734333.333333333
Barley,Russian Federation,Australia,1705065.4400000013
Barley,Russian Federation,Iraq,1583874.3333333333
Barley,Russian Federation,Algeria,1401571.0
Barley,Russian Federation,Poland,1315356.6666666665
Barley,Russian Federation,Kazakhstan,1215290.3866666663
Barley,Russian Federation,United Kingdom of Great Britain and Northern Ireland,1014000.0
Barley,Russian Federation,Finland,987500.0
Barley,Russian Federation,Belarus,969556.6666666667
Barley,Russian Federation,Sweden,798300.0
Barley,Russian Federation,Iran (Islamic Republic of),787700.0
Barley,Russian Federation,Denmark,781043.3333333335
Barley,Russian Federation,Saudi Arabia,674530.6666666666
Barley,Russian Federation,Argentina,609057.333333333
Barley,Russian Federation,Tunisia,565300.0
Barley,Russian Federation,Czechia,533682.0
Barley,Russian Federation,Bulgaria,502805.0
Barley,Russian Federation,Lithuania,488736.6666666666
Barley,Russian Federation,Afghanistan,437595.6666666667
Barley,Russian Federation,Hungary,379023.33333333326
Barley,Russian Federation,Slovakia,331823.0
Barley,Russian Federation,Ireland,312376.66666666674
Barley,Russian Federation,India,266046.29333333345
Barley,Russian Federation,Austria,251817.0
Barley,Russian Federation,South Africa,250333.3333333333
Barley,Russian Federation,Ethiopia,246890.44333333336
Barley,Russian Federation,Republic of Korea,194708.0
Barley,Russian Federation,Latvia,175366.66666666666
Barley,Russian Federation,Greece,173921.5833333333
Barley,Russian Federation,Estonia,155493.3333333333
Barley,Russian Federation,Netherlands (Kingdom of the),150023.33333333334
Barley,Russian Federation,Republic of Moldova,143449.0
Barley,Russian Federation,Kyrgyzstan,141012.3333333333
Barley,Russian Federation,Italy,133939.66666666674
Barley,Russian Federation,Armenia,131527.6
Barley,Russian Federation,Cyprus,126553.33333333333
Barley,Russian Federation,Mexico,121660.47000000009
Barley,Russian Federation,Uzbekistan,107845.13666666667
Barley,Russian Federation,New Zealand,103327.33333333331
Barley,Russian Federation,Norway,102566.66666666663
Barley,Russian Federation,Romania,102520.0
Barley,Russian Federation,Switzerland,100671.66666666666
Barley,Russian Federation,Belgium,96911.33333333331
Barley,Russian Federation,Kenya,83988.33333333333
Barley,Russian Federation,Egypt,79298.0
Barley,Russian Federation,Pakistan,76374.0
Barley,Russian Federation,Brazil,71914.0
Barley,Russian Federation,Chile,71555.28000000003
Barley,Russian Federation,Portugal,70942.0
Barley,Russian Federation,Turkmenistan,52597.95999999999
Barley,Russian Federation,Georgia,42319.0
Barley,Russian Federation,Azerbaijan,41664.26666666684
Barley,Russian Federation,Serbia,39210.666666666686
Barley,Russian Federation,Jordan,36759.4
Barley,Russian Federation,Libya,32666.66666666667
Barley,Russian Federation,Bolivia (Plurinational State of),27618.299999999996
Barley,Russian Federation,Democratic People's Republic of Korea,23333.333333333336
Barley,Russian Federation,Luxembourg,22816.666666666668
Barley,Russian Federation,Uruguay,18066.666666666628
Barley,Russian Federation,North Macedonia,18064.0
Barley,Russian Federation,Tajikistan,17733.333333333343
Barley,Russian Federation,Lebanon,17242.333333333332
Barley,Russian Federation,Croatia,17160.0
Barley,Russian Federation,Ecuador,14909.406666666668
Barley,Russian Federation,Palestine,11549.529999999999
Barley,Russian Federation,Slovenia,11300.0
Barley,Russian Federation,Peru,11254.166666666657
Barley,Russian Federation,United Republic of Tanzania,10632.136666666667
Barley,Russian Federation,Colombia,10395.0
Barley,Russian Federation,Nepal,8187.063333333335
Barley,Russian Federation,Zambia,6536.593333333334
Barley,Russian Federation,Thailand,6303.210000000021
Barley,Russian Federation,Israel,6233.333333333334
Barley,Russian Federation,Bosnia and Herzegovina,5793.3333333333285
Barley,Russian Federation,Yemen,5344.333333333336
Barley,Russian Federation,Eritrea,5000.0
Barley,Russian Federation,Qatar,4990.666666666667
Barley,Russian Federation,Bangladesh,4831.666666666667
Barley,Russian Federation,Bhutan,4431.576666666667
Barley,Russian Federation,Mongolia,4243.666666666667
Barley,Russian Federation,Albania,2677.866666666665
Barley,Russian Federation,Malta,2300.0
Barley,Russian Federation,Oman,1932.0
Barley,Russian Federation,Zimbabwe,1849.239999999998
Barley,Russian Federation,Guatemala,1432.51
Barley,Russian Federation,Japan,1333.333333333343
Barley,Russian Federation,Montenegro,1145.4333333333334
Barley,Russian Federation,Kuwait,1126.5166666666664
Barley,Russian Federation,Iceland,877.0
Barley,Russian Federation,Lesotho,421.69
Barley,Russian Federation,Democratic Republic of the Congo,19.839999999999918
Barley,Russian Federation,Mauritania,6.61333333333323
Cassava,Nigeria,Brazil,8547653.333333332
Cassava,Nigeria,Indonesia,6603477.0
Cassava,Nigeria,Angola,5860181.0
Cassava,Nigeria,Uganda,3474542.9433333334
Cassava,Nigeria,India,3259000.0
Cassava,Nigeria,Paraguay,2842656.3333333335
Cassava,Nigeria,Thailand,1834793.0
Cassava,Nigeria,Colombia,1469242.12
Cassava,Nigeria,Democratic Republic of the Congo,1329955.6666666642
Cassava,Nigeria,Lao People's Democratic Republic,1312473.333333333
Cassava,Nigeria,United Republic of Tanzania,1137170.9700000007
Cassava,Nigeria,Côte d'Ivoire,1130009.333333333
Cassava,Nigeria,Madagascar,1090934.6666666665
Cassava,Nigeria,Sierra Leone,945169.0066666664
Cassava,Nigeria,Ghana,863820.6566666663
Cassava,Nigeria,Mozambique,845568.666666667
Cassava,Nigeria,Zambia,534095.0833333335
Cassava,Nigeria,Central African Republic,486037.33333333326
Cassava,Nigeria,Myanmar,467955.9633333334
Cassava,Nigeria,Chad,453137.16
Cassava,Nigeria,Cambodia,437060.41666666605
Cassava,Nigeria,Niger,375890.4833333333
Cassava,Nigeria,Viet Nam,365924.6466666665
Cassava,Nigeria,Philippines,248973.0799999996
Cassava,Nigeria,Cameroon,247288.38333333377
Cassava,Nigeria,Cuba,206750.46333333338
Cassava,Nigeria,Kenya,192136.66666666663
Cassava,Nigeria,Benin,185958.2666666666
Cassava,Nigeria,Venezuela (Bolivarian Republic of),150089.0
Cassava,Nigeria,Bolivia (Plurinational State of),147993.75333333333
Cassava,Nigeria,Costa Rica,93684.84666666666
Cassava,Nigeria,Guinea,92737.52333333343
Cassava,Nigeria,Liberia,90649.55333333334
Cassava,Nigeria,Peru,83837.48666666681
Cassava,Nigeria,Malaysia,77606.36666666667
Cassava,Nigeria,Haiti,66152.47666666668
Cassava,Nigeria,Burundi,64623.33333333349
Cassava,Nigeria,South Sudan,58807.539999999804
Cassava,Nigeria,Dominican Republic,47983.3533333333
Cassava,Nigeria,"China, mainland",42683.266666666605
Cassava,Nigeria,Senegal,41930.09666666668
Cassava,Nigeria,Timor-Leste,40930.619999999995
Cassava,Nigeria,Mali,39803.47333333334
Cassava,Nigeria,Malawi,32357.666666666977
Cassava,Nigeria,Sri Lanka,29957.233333333337
Cassava,Nigeria,Rwanda,28342.073333333246
Cassava,Nigeria,Ecuador,25652.733333333323
Cassava,Nigeria,Nicaragua,25372.419999999984
Cassava,Nigeria,Togo,20370.626666666707
Cassava,Nigeria,Congo,19957.469999999972
Cassava,Nigeria,Guatemala,17536.333333333332
Cassava,Nigeria,Guinea-Bissau,14355.109999999993
Cassava,Nigeria,Gabon,13916.5
Cassava,Nigeria,Fiji,11262.309999999998
Cassava,Nigeria,Jamaica,10049.666666666668
Cassava,Nigeria,El Salvador,7432.423333333332
Cassava,Nigeria,Burkina Faso,5846.009999999998
Cassava,Nigeria,Cabo Verde,5268.333333333334
Cassava,Nigeria,Guyana,4966.0
Cassava,Nigeria,Sao Tome and Principe,4865.893333333333
Cassava,Nigeria,Panama,4034.8899999999994
Cassava,Nigeria,Suriname,3767.666666666667
Cassava,Nigeria,Micronesia (Federated States of),3331.99
Cassava,Nigeria,Zimbabwe,3305.9099999999744
Cassava,Nigeria,Tonga,3223.3200000000006
Cassava,Nigeria,Brunei Darussalam,2881.9666666666667
Cassava,Nigeria,Honduras,2507.0800000000017
Cassava,Nigeria,Mexico,2338.9966666666623
Cassava,Nigeria,Trinidad and Tobago,2059.5333333333338
Cassava,Nigeria,Argentina,1395.4899999999907
Cassava,Nigeria,Cook Islands,1054.0633333333333
Cassava,Nigeria,Puerto Rico,1047.3966666666668
Cassava,Nigeria,Dominica,832.8666666666667
Cassava,Nigeria,French Polynesia,809.6966666666667
Cassava,Nigeria,Belize,806.6666666666666
Cassava,Nigeria,Papua New Guinea,793.6600000000035
Cassava,Nigeria,Equatorial Guinea,738.7200000000012
Cassava,Nigeria,Saint Vincent and the Grenadines,591.6666666666666
Cassava,Nigeria,Somalia,520.7466666666587
Cassava,Nigeria,New Caledonia,419.78999999999996
Cassava,Nigeria,Bhutan,320.1766666666666
Cassava,Nigeria,Barbados,244.77666666666664
Cassava,Nigeria,Comoros,241.01666666667006
Cassava,Nigeria,Grenada,217.33333333333334
Cassava,Nigeria,Mauritius,206.19999999999982
Cassava,Nigeria,Gambia,178.64000000000124
Cassava,Nigeria,Maldives,126.73666666666666
Cassava,Nigeria,Bahamas,88.19333333333327
Cassava,Nigeria,Antigua and Barbuda,57.46000000000001
Cassava,Nigeria,Saint Lucia,33.64666666666653
Cassava,Nigeria,Solomon Islands,12.099999999999909
Cassava,Nigeria,Seychelles,8.636666666666656
Cassava,Nigeria,Niue,5.8700000000000045
Cassava,Nigeria,Samoa,5.223333333333301
Cassava,Nigeria,Singapore,0.5033333333333334
Cassava,Nigeria,Vanuatu,0.5
Maize,United States of America,Brazil,21961783.0
Maize,United States of America,Indonesia,10258457.333333334
Maize,United States of America,"China, mainland",9309866.666666687
Maize,United States of America,Ukraine,9000776.666666668
Maize,United States of America,Romania,8130000.0
Maize,United States of America,Argentina,6868327.666666664
Maize,United States of America,Italy,5992730.333333333
Maize,United States of America,France,5319960.0
Maize,United States of America,Hungary,4170886.666666667
Maize,United States of America,Serbia,2304447.0533333337
Maize,United States of America,Iran (Islamic Republic of),2024100.7866666666
Maize,United States of America,India,1939440.3533333316
Maize,United States of America,South Africa,1479333.333333334
Maize,United States of America,Greece,1450930.6833333333
Maize,United States of America,Paraguay,1433152.666666667
Maize,United States of America,Spain,1307474.3333333335
Maize,United States of America,Bulgaria,1249636.6666666665
Maize,United States of America,Germany,1248466.666666667
Maize,United States of America,Zimbabwe,1237252.57
Maize,United States of America,Republic of Moldova,1160557.3333333333
Maize,United States of America,Egypt,1095947.0
Maize,United States of America,Lao People's Democratic Republic,1066843.3333333333
Maize,United States of America,Mexico,1047948.4499999993
Maize,United States of America,Türkiye,916666.666666667
Maize,United States of America,Pakistan,901654.333333334
Maize,United States of America,Chile,890437.2966666666
Maize,United States of America,Viet Nam,851609.7000000002
Maize,United States of America,United Republic of Tanzania,815299.333333333
Maize,United States of America,Poland,765660.0
Maize,United States of America,Kenya,727920.6666666665
Maize,United States of America,Nigeria,700130.0
Maize,United States of America,Slovakia,691286.4333333333
Maize,United States of America,Malawi,645228.0
Maize,United States of America,Canada,564049.333333334
Maize,United States of America,Bosnia and Herzegovina,560684.3333333334
Maize,United States of America,Uganda,550666.666666667
Maize,United States of America,Croatia,546513.3333333333
Maize,United States of America,Russian Federation,495761.8066666685
Maize,United States of America,Zambia,424186.2200000002
Maize,United States of America,Cambodia,388000.0
Maize,United States of America,Belgium,370435.3333333333
Maize,United States of America,Iraq,361793.6666666667
Maize,United States of America,Czechia,352052.6666666666
Maize,United States of America,Thailand,348341.0
Maize,United States of America,Benin,290251.3533333335
Maize,United States of America,Ecuador,288896.9933333332
Maize,United States of America,Mali,273144.3333333335
Maize,United States of America,Mozambique,271997.3333333335
Maize,United States of America,Georgia,269599.3333333334
Maize,United States of America,Bangladesh,268910.333333333
Maize,United States of America,Democratic People's Republic of Korea,266571.2999999998
Maize,United States of America,Morocco,265628.3666666667
Maize,United States of America,Cuba,243463.6433333333
Maize,United States of America,Uruguay,240200.0
Maize,United States of America,Austria,235159.6666666665
Maize,United States of America,Ghana,233094.0
Maize,United States of America,Cameroon,231970.03333333367
Maize,United States of America,Somalia,217833.3333333333
Maize,United States of America,Nicaragua,217740.94
Maize,United States of America,Madagascar,192280.74
Maize,United States of America,Colombia,188522.05999999982
Maize,United States of America,Rwanda,184600.98333333334
Maize,United States of America,Portugal,183641.33333333337
Maize,United States of America,Belarus,172124.0
Maize,United States of America,Haiti,171666.66666666666
Maize,United States of America,Côte d'Ivoire,164522.33333333326
Maize,United States of America,Sri Lanka,154866.26666666666
Maize,United States of America,Ethiopia,152390.5366666671
Maize,United States of America,Bolivia (Plurinational State of),143230.11333333328
Maize,United States of America,Peru,134003.61999999988
Maize,United States of America,Australia,132672.37666666665
Maize,United States of America,El Salvador,130586.47999999998
Maize,United States of America,Angola,123095.33333333349
Maize,United States of America,Guinea,116988.91666666663
Maize,United States of America,Burundi,116787.66666666663
Maize,United States of America,Burkina Faso,108977.54666666663
Maize,United States of America,Israel,107028.0
Maize,United States of America,Uzbekistan,105465.66333333333
Maize,United States of America,Saudi Arabia,103038.82999999999
Maize,United States of America,Switzerland,100076.33333333333
Maize,United States of America,Chad,95012.77333333337
Maize,United States of America,Venezuela (Bolivarian Republic of),94135.0
Maize,United States of America,Syrian Arab Republic,93189.8666666667
Maize,United States of America,South Sudan,89415.33333333334
Maize,United States of America,Philippines,89069.25
Maize,United States of America,Afghanistan,87228.66666666669
Maize,United States of America,Tajikistan,86533.33333333334
Maize,United States of America,Netherlands (Kingdom of the),85550.0
Maize,United States of America,Nepal,79523.65333333379
Maize,United States of America,Slovenia,77956.66666666669
Maize,United States of America,Lesotho,76785.0
Maize,United States of America,Timor-Leste,72871.44666666667
Maize,United States of America,Bhutan,66706.01666666666
Maize,United States of America,Kyrgyzstan,58700.0
Maize,United States of America,Senegal,55898.390000000014
Maize,United States of America,North Macedonia,52658.0
Maize,United States of America,Kazakhstan,50205.3833333333
Maize,United States of America,Democratic Republic of the Congo,48049.0
Maize,United States of America,Togo,46644.33333333337
Maize,United States of America,Myanmar,44260.66666666651
Maize,United States of America,Gambia,43120.66666666667
Maize,United States of America,Lithuania,43090.0
Maize,United States of America,Turkmenistan,42781.89333333333
Maize,United States of America,New Zealand,41166.0
Maize,United States of America,Azerbaijan,35895.83333333337
Maize,United States of America,Honduras,32489.349999999977
Maize,United States of America,Panama,31606.0
Maize,United States of America,Sierra Leone,28469.783333333336
Maize,United States of America,Sudan,26965.066666666666
Maize,United States of America,Denmark,26773.333333333336
Maize,United States of America,Kuwait,25168.0
Maize,United States of America,Niger,24873.243333333332
Maize,United States of America,Botswana,24116.493333333332
Maize,United States of America,Cabo Verde,23962.8
Maize,United States of America,Eswatini,22932.66666666667
Maize,United States of America,Guinea-Bissau,22394.0
Maize,United States of America,Costa Rica,17175.666666666668
Maize,United States of America,Armenia,15742.733333333334
Maize,United States of America,Dominican Republic,15240.01000000001
Maize,United States of America,Namibia,15227.666666666672
Maize,United States of America,Oman,13373.666666666666
Maize,United States of America,Yemen,12957.0
Maize,United States of America,Guatemala,8865.666666666744
Maize,United States of America,Eritrea,8404.0
Maize,United States of America,Mauritania,7209.0
Maize,United States of America,Central African Republic,6368.666666666657
Maize,United States of America,Montenegro,6195.799999999999
Maize,United States of America,Albania,6002.233333333337
Maize,United States of America,New Caledonia,5097.286666666667
Maize,United States of America,United Arab Emirates,5059.386666666669
Maize,United States of America,Algeria,4660.666666666666
Maize,United States of America,Guyana,3900.0
Maize,United States of America,Luxembourg,3557.6666666666665
Maize,United States of America,Trinidad and Tobago,3296.0
Maize,United States of America,Lebanon,3023.08
Maize,United States of America,Republic of Korea,2690.3333333333285
Maize,United States of America,Sao Tome and Principe,2203.8766666666666
Maize,United States of America,Libya,2032.3066666666668
Maize,United States of America,Belize,1809.0
Maize,United States of America,Sweden,1433.333333333334
Maize,United States of America,Congo,1000.0
Maize,United States of America,Qatar,817.6666666666667
Maize,United States of America,Jamaica,674.3333333333335
Maize,United States of America,Comoros,527.006666666668
Maize,United States of America,Saint Vincent and the Grenadines,439.33333333333337
Maize,United States of America,Mauritius,357.9666666666667
Maize,United States of America,Puerto Rico,348.45666666666665
Maize,United States of America,Gabon,296.18666666666104
Maize,United States of America,Fiji,296.00333333333333
Maize,United States of America,Barbados,292.1666666666667
Maize,United States of America,Papua New Guinea,255.77000000000044
Maize,United States of America,Malaysia,212.73333333333335
Maize,United States of America,Suriname,88.33333333333334
Maize,United States of America,Bahamas,85.92000000000007
Maize,United States of America,Antigua and Barbuda,24.203333333333326
Maize,United States of America,Grenada,22.159999999999968
Maize,United States of America,Japan,17.086666666666673
Maize,United States of America,Dominica,16.633333333333326
Maize,United States of America,Vanuatu,10.496666666666556
Maize,United States of America,Micronesia (Federated States of),7.236666666666679
Maize,United States of America,Maldives,3.1966666666666868
Maize,United States of America,Djibouti,0.6933333333333387
Millet,India,Nigeria,7254943.333333333
Millet,India,Sudan,1560690.0
Millet,India,Niger,897568.4866666663
Millet,India,Russian Federation,752203.78
Millet,India,Uganda,626000.0
Millet,India,Burkina Faso,430479.8933333332
Millet,India,Ukraine,292436.6666666666
Millet,India,Chad,197172.2466666667
Millet,India,Mali,184271.0
Millet,India,"China, mainland",172970.79666666687
Millet,India,Ethiopia,135328.98666666658
Millet,India,Senegal,128175.08333333326
Millet,India,Angola,127735.66666666666
Millet,India,Pakistan,125365.33333333334
Millet,India,Gambia,120131.33333333334
Millet,India,United States of America,110406.66666666669
Millet,India,Guinea,104212.34
Millet,India,Myanmar,87707.33333333334
Millet,India,Kenya,84533.0
Millet,India,United Republic of Tanzania,79735.66666666669
Millet,India,Namibia,65484.666666666664
Millet,India,Yemen,65196.03
Millet,India,Iran (Islamic Republic of),58894.780000000006
Millet,India,Argentina,38342.0
Millet,India,Eritrea,38254.0
Millet,India,Togo,36257.33333333333
Millet,India,Ghana,36114.0
Millet,India,Zimbabwe,30674.23666666667
Millet,India,Mozambique,30454.0
Millet,India,Kazakhstan,29246.856666666667
Millet,India,Guinea-Bissau,21213.333333333332
Millet,India,Afghanistan,20216.0
Millet,India,Australia,19967.103333333333
Millet,India,Bangladesh,14808.196666666665
Millet,India,Nepal,13878.080000000016
Millet,India,Zambia,13740.706666666665
Millet,India,Benin,13526.113333333331
Millet,India,South Sudan,13406.666666666664
Millet,India,Democratic People's Republic of Korea,12950.686666666661
Millet,India,Belarus,12334.743333333334
Millet,India,Uzbekistan,11028.679999999993
Millet,India,Sierra Leone,8566.503333333334
Millet,India,Bhutan,8171.543333333333
Millet,India,Botswana,5968.493333333333
Millet,India,Democratic Republic of the Congo,5959.333333333336
Millet,India,South Africa,5668.62
Millet,India,Mauritania,5602.0
Millet,India,Azerbaijan,5440.733333333333
Millet,India,Malawi,5300.666666666664
Millet,India,Rwanda,4818.616666666667
Millet,India,Syrian Arab Republic,4231.666666666667
Millet,India,Iraq,3751.6666666666665
Millet,India,Côte d'Ivoire,3571.6666666666715
Millet,India,Türkiye,3003.666666666667
Millet,India,Morocco,2736.8933333333334
Millet,India,Viet Nam,2456.5966666666664
Millet,India,Libya,2220.0
Millet,India,Republic of Korea,1644.0
Millet,India,Sri Lanka,1419.333333333334
Millet,India,Congo,1022.869999999999
Millet,India,Central African Republic,1000.0
Millet,India,Mexico,926.96
Millet,India,Saudi Arabia,849.7733333333326
Millet,India,Switzerland,505.0
Millet,India,Republic of Moldova,425.0
Millet,India,Kyrgyzstan,419.6666666666667
Millet,India,Jordan,408.0
Millet,India,Tajikistan,386.5533333333333
Millet,India,Burundi,351.33333333333394
Millet,India,Japan,135.14000000000001
Millet,India,Serbia,92.75333333333333
Millet,India,Maldives,45.03666666666667
Millet,India,North Macedonia,23.53
Potatoes,"China, mainland",Poland,17998236.0
Potatoes,"China, mainland",Russian Federation,14837641.533333331
Potatoes,"China, mainland",Belarus,6140599.333333334
Potatoes,"China, mainland",United States of America,4311980.666666668
Potatoes,"China, mainland",India,3292666.666666664
Potatoes,"China, mainland",Malawi,3076427.0
Potatoes,"China, mainland",Ukraine,3043280.0
Potatoes,"China, mainland",Romania,2921180.0
Potatoes,"China, mainland",Iran (Islamic Republic of),2423294.7733333334
Potatoes,"China, mainland",United Kingdom of Great Britain and Northern Ireland,2001535.3633333333
Potatoes,"China, mainland",Germany,1992017.666666666
Potatoes,"China, mainland",Democratic People's Republic of Korea,1720871.1400000001
Potatoes,"China, mainland",Lithuania,1560296.6666666667
Potatoes,"China, mainland",Netherlands (Kingdom of the),1532540.0
Potatoes,"China, mainland",Rwanda,1433938.6166666667
Potatoes,"China, mainland",Egypt,1220214.333333333
Potatoes,"China, mainland",United Republic of Tanzania,1214646.0566666666
Potatoes,"China, mainland",Colombia,1141130.1166666667
Potatoes,"China, mainland",Spain,1116513.3333333333
Potatoes,"China, mainland",Pakistan,943230.0
Potatoes,"China, mainland",Czechia,842362.0
Potatoes,"China, mainland",Kenya,831885.0
Potatoes,"China, mainland",Japan,800000.0
Potatoes,"China, mainland",Italy,732856.3333333333
Potatoes,"China, mainland",Chile,722398.0166666666
Potatoes,"China, mainland",Hungary,692025.6666666666
Potatoes,"China, mainland",Greece,650661.36
Potatoes,"China, mainland",Latvia,637400.0
Potatoes,"China, mainland",Croatia,617028.0
Potatoes,"China, mainland",Kazakhstan,612294.4833333329
Potatoes,"China, mainland",Belgium,592955.0
Potatoes,"China, mainland",Iraq,575071.0
Potatoes,"China, mainland",Algeria,573712.7366666673
Potatoes,"China, mainland",Argentina,531252.6633333331
Potatoes,"China, mainland",Bulgaria,464909.6666666666
Potatoes,"China, mainland",Portugal,458440.6666666667
Potatoes,"China, mainland",France,433523.33333333395
Potatoes,"China, mainland",Estonia,398970.0
Potatoes,"China, mainland",Türkiye,366666.666666667
Potatoes,"China, mainland",Republic of Korea,365619.3333333334
Potatoes,"China, mainland",Serbia,351264.6666666666
Potatoes,"China, mainland",Slovakia,345095.6666666666
Potatoes,"China, mainland",Angola,343546.6666666667
Potatoes,"China, mainland",Armenia,335986.4666666666
Potatoes,"China, mainland",Peru,311907.3499999996
Potatoes,"China, mainland",Cuba,277833.62333333335
Potatoes,"China, mainland",Bangladesh,277131.66666666605
Potatoes,"China, mainland",Finland,255140.0
Potatoes,"China, mainland",Ethiopia,254470.16333333356
Potatoes,"China, mainland",Switzerland,239121.6666666667
Potatoes,"China, mainland",Georgia,221902.0
Potatoes,"China, mainland",Morocco,219434.40000000014
Potatoes,"China, mainland",Uganda,216200.0
Potatoes,"China, mainland",Austria,202573.33333333337
Potatoes,"China, mainland",Brazil,199289.3333333335
Potatoes,"China, mainland",Republic of Moldova,197327.0
Potatoes,"China, mainland",Ecuador,188672.87333333332
Potatoes,"China, mainland",Ireland,186316.6666666667
Potatoes,"China, mainland",Denmark,179766.6666666665
Potatoes,"China, mainland",Kyrgyzstan,168961.0
Potatoes,"China, mainland",South Africa,159389.6666666665
Potatoes,"China, mainland",Lebanon,157905.33333333337
Potatoes,"China, mainland",Bosnia and Herzegovina,154535.3333333333
Potatoes,"China, mainland",Sweden,150700.0
Potatoes,"China, mainland",Canada,144871.0
Potatoes,"China, mainland",Israel,142090.3333333333
Potatoes,"China, mainland",Uzbekistan,139750.31333333394
Potatoes,"China, mainland",Indonesia,132806.35999999987
Potatoes,"China, mainland",Syrian Arab Republic,130847.66666666663
Potatoes,"China, mainland",Myanmar,125871.74666666664
Potatoes,"China, mainland",Slovenia,122540.33333333334
Potatoes,"China, mainland",Turkmenistan,113957.79333333333
Potatoes,"China, mainland",Guinea,104616.96333333332
Potatoes,"China, mainland",Montenegro,101584.16666666667
Potatoes,"China, mainland",Jordan,97950.96666666667
Potatoes,"China, mainland",New Zealand,90304.83000000007
Potatoes,"China, mainland",Bolivia (Plurinational State of),89967.3666666667
Potatoes,"China, mainland",Uruguay,89771.66666666667
Potatoes,"China, mainland",Niger,87979.41666666669
Potatoes,"China, mainland",Nepal,79857.17333333334
Potatoes,"China, mainland",Zimbabwe,72230.0
Potatoes,"China, mainland",Viet Nam,71250.67000000004
Potatoes,"China, mainland",Cyprus,67403.33333333333
Potatoes,"China, mainland",Mali,67240.0
Potatoes,"China, mainland",Guatemala,64646.33333333337
Potatoes,"China, mainland",Mongolia,53931.176666666666
Potatoes,"China, mainland",Tajikistan,51366.666666666744
Potatoes,"China, mainland",Mexico,48553.54666666663
Potatoes,"China, mainland",Norway,47666.666666666686
Potatoes,"China, mainland",Kuwait,47486.66666666667
Potatoes,"China, mainland",Sri Lanka,46884.06666666667
Potatoes,"China, mainland",Madagascar,46471.293333333335
Potatoes,"China, mainland",Venezuela (Bolivarian Republic of),44525.333333333314
Potatoes,"China, mainland",Lao People's Democratic Republic,39856.82666666667
Potatoes,"China, mainland",Tunisia,35705.70333333331
Potatoes,"China, mainland",Afghanistan,35331.66666666663
Potatoes,"China, mainland",Azerbaijan,34161.8666666667
Potatoes,"China, mainland",Chad,31457.43666666667
Potatoes,"China, mainland",Eritrea,28097.903333333332
Potatoes,"China, mainland",Libya,28072.929999999993
Potatoes,"China, mainland",Bhutan,27920.56333333333
Potatoes,"China, mainland",Malta,27785.666666666668
Potatoes,"China, mainland",Cameroon,26496.68333333335
Potatoes,"China, mainland",Mozambique,25606.666666666686
Potatoes,"China, mainland",Thailand,22594.0
Potatoes,"China, mainland",Philippines,21161.48999999999
Potatoes,"China, mainland",North Macedonia,20191.333333333343
Potatoes,"China, mainland",Saudi Arabia,20131.52000000002
Potatoes,"China, mainland",Zambia,20042.32
Potatoes,"China, mainland",Yemen,19383.333333333314
Potatoes,"China, mainland",Nigeria,17801.799999999814
Potatoes,"China, mainland",Costa Rica,17157.0
Potatoes,"China, mainland",United Arab Emirates,14192.0
Potatoes,"China, mainland",Luxembourg,13301.333333333334
Potatoes,"China, mainland",Nicaragua,12395.12666666667
Potatoes,"China, mainland",Burundi,11107.333333333314
Potatoes,"China, mainland",Sudan,10324.366666666698
Potatoes,"China, mainland",Oman,10196.0
Potatoes,"China, mainland",El Salvador,9843.276666666668
Potatoes,"China, mainland",Haiti,9398.61
Potatoes,"China, mainland",Botswana,9203.18
Potatoes,"China, mainland",Albania,8947.13333333336
Potatoes,"China, mainland",Dominican Republic,8671.546666666662
Potatoes,"China, mainland",Mauritius,7308.633333333331
Potatoes,"China, mainland",Iceland,7289.0
Potatoes,"China, mainland",Senegal,5771.666666666657
Potatoes,"China, mainland",Cabo Verde,5335.666666666666
Potatoes,"China, mainland",Panama,5196.876666666667
Potatoes,"China, mainland",Burkina Faso,3559.6699999999983
Potatoes,"China, mainland",Jamaica,3336.666666666666
Potatoes,"China, mainland",Honduras,2280.793333333335
Potatoes,"China, mainland",Lesotho,2211.706666666665
Potatoes,"China, mainland",Democratic Republic of the Congo,2149.3333333333285
Potatoes,"China, mainland",Palestine,2000.5
Potatoes,"China, mainland",Paraguay,1862.3333333333335
Potatoes,"China, mainland",Australia,1631.0
Potatoes,"China, mainland",Timor-Leste,1507.28
Potatoes,"China, mainland",New Caledonia,1074.8633333333335
Potatoes,"China, mainland",Namibia,950.3100000000013
Potatoes,"China, mainland",French Polynesia,874.6666666666666
Potatoes,"China, mainland",Fiji,854.0
Potatoes,"China, mainland",Belize,415.66666666666674
Potatoes,"China, mainland",Qatar,364.1333333333333
Potatoes,"China, mainland",Congo,322.72333333333245
Potatoes,"China, mainland",Saint Kitts and Nevis,239.0
Potatoes,"China, mainland",Faroe Islands,169.05666666666662
Potatoes,"China, mainland",Comoros,82.49666666666644
Potatoes,"China, mainland",Benin,76.48333333333332
Potatoes,"China, mainland",Eswatini,57.42666666666628
Potatoes,"China, mainland",Papua New Guinea,17.060000000000173
Potatoes,"China, mainland",Mauritania,12.389999999999873
Potatoes,"China, mainland",Central African Republic,6.926666666666733
Potatoes,"China, mainland",Bahrain,6.666666666666671
Potatoes,"China, mainland",Dominica,0.3100000000000023
Potatoes,"China, mainland",Vanuatu,0.10000000000000009
Rice,"China, mainland",India,8930787.929999977
Rice,"China, mainland",Indonesia,6649245.233333327
Rice,"China, mainland",Thailand,6518738.0133333355
Rice,"China, mainland",Myanmar,5657446.0
Rice,"China, mainland",Brazil,2570241.333333334
Rice,"China, mainland",United States of America,2418070.0
Rice,"China, mainland",Republic of Korea,2370817.333333333
Rice,"China, mainland",Egypt,2329606.666666667
Rice,"China, mainland",Bangladesh,2217955.796666667
Rice,"China, mainland",Viet Nam,1753511.3533333316
Rice,"China, mainland",Pakistan,1536872.0
Rice,"China, mainland",Japan,1461933.333333334
Rice,"China, mainland",Iran (Islamic Republic of),1178133.3333333335
Rice,"China, mainland",Australia,1106384.6600000001
Rice,"China, mainland",Sri Lanka,797618.666666667
Rice,"China, mainland",Cambodia,771366.666666666
Rice,"China, mainland",Democratic People's Republic of Korea,771000.0
Rice,"China, mainland",United Republic of Tanzania,604566.6666666665
Rice,"China, mainland",Cuba,573012.0
Rice,"China, mainland",Venezuela (Bolivarian Republic of),550212.0
Rice,"China, mainland",Malaysia,545489.0
Rice,"China, mainland",Ecuador,520780.0
Rice,"China, mainland",Spain,493917.0
Rice,"China, mainland",Argentina,468467.66666666674
Rice,"China, mainland",Mali,426716.3333333335
Rice,"China, mainland",Iraq,425804.3333333334
Rice,"China, mainland",Sierra Leone,415136.78
Rice,"China, mainland",Lao People's Democratic Republic,368023.3333333335
Rice,"China, mainland",Côte d'Ivoire,361662.0
Rice,"China, mainland",Guinea,357200.0
Rice,"China, mainland",Nigeria,320133.33333333395
Rice,"China, mainland",Uruguay,283133.33333333326
Rice,"China, mainland",Nepal,277123.666666667
Rice,"China, mainland",Madagascar,263550.333333333
Rice,"China, mainland",Italy,262096.66666666674
Rice,"China, mainland",Afghanistan,197733.33333333337
Rice,"China, mainland",Colombia,173500.0
Rice,"China, mainland",Costa Rica,165148.3333333333
Rice,"China, mainland",Ghana,153333.33333333326
Rice,"China, mainland",Ukraine,148683.33333333334
Rice,"China, mainland",Chad,145571.43333333335
Rice,"China, mainland",Paraguay,143061.66666666663
Rice,"China, mainland",Philippines,134146.77333333343
Rice,"China, mainland",Peru,128400.96333333338
Rice,"China, mainland",Guyana,126333.33333333337
Rice,"China, mainland",Burundi,121210.70000000001
Rice,"China, mainland",Russian Federation,118650.22999999998
Rice,"China, mainland",Democratic Republic of the Congo,117249.0
Rice,"China, mainland",Uzbekistan,102298.48333333334
Rice,"China, mainland",Mexico,99627.41
Rice,"China, mainland",Kazakhstan,87219.28666666662
Rice,"China, mainland",Senegal,82720.02333333343
Rice,"China, mainland",Bolivia (Plurinational State of),79408.32666666666
Rice,"China, mainland",Chile,74183.13333333335
Rice,"China, mainland",France,72101.6
Rice,"China, mainland",Greece,70566.66666666666
Rice,"China, mainland",Suriname,63807.0
Rice,"China, mainland",Romania,57768.0
Rice,"China, mainland",Gambia,55830.0
Rice,"China, mainland",Mozambique,54822.33333333334
Rice,"China, mainland",Türkiye,50000.0
Rice,"China, mainland",Timor-Leste,49456.66666666667
Rice,"China, mainland",Turkmenistan,48628.22666666667
Rice,"China, mainland",Bhutan,45597.986666666664
Rice,"China, mainland",Liberia,45466.666666666686
Rice,"China, mainland",Haiti,42420.33333333334
Rice,"China, mainland",Burkina Faso,39503.87333333335
Rice,"China, mainland",Mauritania,39300.0
Rice,"China, mainland",El Salvador,32320.673333333332
Rice,"China, mainland",Dominican Republic,27029.333333333372
Rice,"China, mainland",Kenya,26609.666666666657
Rice,"China, mainland",Angola,25019.666666666668
Rice,"China, mainland",Honduras,23071.389999999992
Rice,"China, mainland",Sudan,22906.666666666668
Rice,"China, mainland",Uganda,18366.666666666686
Rice,"China, mainland",Morocco,17476.433333333327
Rice,"China, mainland",Portugal,16928.0
Rice,"China, mainland",Guatemala,16778.0
Rice,"China, mainland",Malawi,16539.0
Rice,"China, mainland",Somalia,16000.0
Rice,"China, mainland",Panama,13041.333333333314
Rice,"China, mainland",Benin,12578.446666666598
Rice,"China, mainland",Tajikistan,11719.333333333343
Rice,"China, mainland",North Macedonia,11213.666666666668
Rice,"China, mainland",Azerbaijan,10751.6
Rice,"China, mainland",Togo,10350.333333333343
Rice,"China, mainland",Cameroon,10036.020000000019
Rice,"China, mainland",Bulgaria,8720.0
Rice,"China, mainland",Ethiopia,8070.873333333351
Rice,"China, mainland",Trinidad and Tobago,5988.633333333333
Rice,"China, mainland",Nicaragua,5928.359999999986
Rice,"China, mainland",Fiji,5207.616666666667
Rice,"China, mainland",Guinea-Bissau,4960.666666666657
Rice,"China, mainland",South Sudan,4668.666666666668
Rice,"China, mainland",Belize,4596.666666666666
Rice,"China, mainland",Hungary,4086.666666666666
Rice,"China, mainland",Niger,4084.0
Rice,"China, mainland",Zambia,2263.980000000003
Rice,"China, mainland",Solomon Islands,1771.65
Rice,"China, mainland",Rwanda,1587.8233333333337
Rice,"China, mainland",Zimbabwe,1579.3333333333333
Rice,"China, mainland",Central African Republic,1538.0
Rice,"China, mainland",Mauritius,1186.0
Rice,"China, mainland",Comoros,1140.3333333333333
Rice,"China, mainland",Kyrgyzstan,981.3333333333358
Rice,"China, mainland",Congo,500.0
Rice,"China, mainland",Puerto Rico,449.15999999999985
Rice,"China, mainland",Brunei Darussalam,303.7999999999997
Rice,"China, mainland",Jamaica,301.0
Rice,"China, mainland",South Africa,218.69333333333316
Rice,"China, mainland",Algeria,124.26333333333332
Rice,"China, mainland",Saudi Arabia,62.059999999999945
Rice,"China, mainland",Gabon,27.06333333333305
Rice,"China, mainland",Micronesia (Federated States of),2.003333333333302
Rice,"China, mainland",Papua New Guinea,1.1999999999999318
Sorghum,United States of America,India,4328021.299999999
Sorghum,United States of America,Mexico,3744404.5999999996
Sorghum,United States of America,Nigeria,3221376.666666667
Sorghum,United States of America,Sudan,2522076.6666666665
Sorghum,United States of America,Argentina,1854194.0
Sorghum,United States of America,Australia,1585498.4933333336
Sorghum,United States of America,Ethiopia,1396853.12
Sorghum,United States of America,Brazil,1186570.6666666665
Sorghum,United States of America,Venezuela (Bolivarian Republic of),571474.0
Sorghum,United States of America,Bolivia (Plurinational State of),493627.94666666666
Sorghum,United States of America,Niger,462334.42999999993
Sorghum,United States of America,Yemen,398409.91333333333
Sorghum,United States of America,Mali,365674.66666666674
Sorghum,United States of America,South Africa,335263.0
Sorghum,United States of America,Uruguay,299133.3333333333
Sorghum,United States of America,Colombia,293707.85
Sorghum,United States of America,Ukraine,269120.0
Sorghum,United States of America,Mozambique,259519.0
Sorghum,United States of America,Chad,258340.33333333337
Sorghum,United States of America,South Sudan,250842.33333333337
Sorghum,United States of America,"China, mainland",236571.66999999993
Sorghum,United States of America,Burkina Faso,203998.08000000007
Sorghum,United States of America,United Republic of Tanzania,200258.33333333337
Sorghum,United States of America,Russian Federation,189175.97666666668
Sorghum,United States of America,Pakistan,187680.66666666666
Sorghum,United States of America,Benin,183243.30333333337
Sorghum,United States of America,Uganda,171344.6666666667
Sorghum,United States of America,Somalia,166527.6666666667
Sorghum,United States of America,Eritrea,162515.0
Sorghum,United States of America,Kenya,162252.66666666666
Sorghum,United States of America,France,159879.0
Sorghum,United States of America,Saudi Arabia,151597.33333333334
Sorghum,United States of America,Italy,148580.0
Sorghum,United States of America,Egypt,146267.0
Sorghum,United States of America,Haiti,130133.33333333333
Sorghum,United States of America,Thailand,97825.0
Sorghum,United States of America,Paraguay,90583.33333333334
Sorghum,United States of America,Myanmar,81276.09999999998
Sorghum,United States of America,Cameroon,78628.0
Sorghum,United States of America,Nicaragua,68875.31
Sorghum,United States of America,El Salvador,65823.57666666666
Sorghum,United States of America,Iraq,64961.666666666664
Sorghum,United States of America,Zimbabwe,62103.40999999999
Sorghum,United States of America,Burundi,61854.0
Sorghum,United States of America,Honduras,59718.0
Sorghum,United States of America,Hungary,59163.33333333333
Sorghum,United States of America,Romania,53190.0
Sorghum,United States of America,Angola,43948.0
Sorghum,United States of America,Rwanda,42421.17333333334
Sorghum,United States of America,Mauritania,38904.66666666667
Sorghum,United States of America,Lesotho,38738.0
Sorghum,United States of America,Botswana,34210.26
Sorghum,United States of America,Gambia,34044.666666666664
Sorghum,United States of America,Ghana,33500.333333333314
Sorghum,United States of America,Central African Republic,32470.61666666667
Sorghum,United States of America,Bulgaria,30283.333333333332
Sorghum,United States of America,Spain,29388.333333333332
Sorghum,United States of America,Republic of Moldova,27495.666666666668
Sorghum,United States of America,Oman,26258.333333333343
Sorghum,United States of America,Jordan,24412.633333333335
Sorghum,United States of America,Togo,21647.333333333314
Sorghum,United States of America,Malawi,20738.0
Sorghum,United States of America,Senegal,17251.079999999958
Sorghum,United States of America,Israel,17061.93
Sorghum,United States of America,Zambia,16894.643333333333
Sorghum,United States of America,Sierra Leone,14947.333333333336
Sorghum,United States of America,Dominican Republic,12342.2
Sorghum,United States of America,Guatemala,11597.333333333336
Sorghum,United States of America,Cuba,9566.826666666666
Sorghum,United States of America,Morocco,8930.333333333332
Sorghum,United States of America,Belize,8845.333333333332
Sorghum,United States of America,Algeria,8292.016666666666
Sorghum,United States of America,Panama,8279.966666666665
Sorghum,United States of America,Kazakhstan,6927.603333333334
Sorghum,United States of America,Austria,6796.666666666664
Sorghum,United States of America,Slovakia,5170.0
Sorghum,United States of America,Côte d'Ivoire,3726.3333333333285
Sorghum,United States of America,Syrian Arab Republic,3713.333333333333
Sorghum,United States of America,Namibia,3466.666666666667
Sorghum,United States of America,Uzbekistan,3249.2733333333344
Sorghum,United States of America,Guinea-Bissau,2140.0
Sorghum,United States of America,Serbia,1729.1033333333344
Sorghum,United States of America,Palestine,1321.585
Sorghum,United States of America,Bangladesh,932.3333333333334
Sorghum,United States of America,Lebanon,806.666666666667
Sorghum,United States of America,Greece,590.0
Sorghum,United States of America,Democratic People's Republic of Korea,543.8933333333334
Sorghum,United States of America,Tajikistan,507.7033333333333
Sorghum,United States of America,Republic of Korea,504.62000000000035
Sorghum,United States of America,Türkiye,370.0
Sorghum,United States of America,Guinea,353.3833333333314
Sorghum,United States of America,New Caledonia,330.0
Sorghum,United States of America,Azerbaijan,305.66666666666663
Sorghum,United States of America,Slovenia,300.0
Sorghum,United States of America,Peru,296.79999999999995
Sorghum,United States of America,Philippines,277.49
Sorghum,United States of America,Ecuador,224.71999999999935
Sorghum,United States of America,Sri Lanka,125.73333333333335
Sorghum,United States of America,Democratic Republic of the Congo,114.0
Sorghum,United States of America,Kyrgyzstan,108.06666666666668
Sorghum,United States of America,Papua New Guinea,55.44999999999982
Sorghum,United States of America,Tunisia,31.62999999999988
Sorghum,United States of America,North Macedonia,14.356666666666662
Sorghum,United States of America,Fiji,9.806666666666661
Sorghum,United States of America,Madagascar,8.723333333333358
Sorghum,United States of America,Maldives,3.6666666666666643
Sorghum,United States of America,Micronesia (Federated States of),0.23999999999999844
Soybeans,Brazil,Argentina,23071904.333333336
Soybeans,Brazil,United States of America,4504616.666666672
Soybeans,Brazil,Paraguay,2394699.666666666
Soybeans,Brazil,"China, mainland",1668166.666666668
Soybeans,Brazil,Uruguay,1501666.6666666667
Soybeans,Brazil,India,1307047.9699999988
Soybeans,Brazil,Canada,1134029.333333333
Soybeans,Brazil,Russian Federation,958979.6900000004
Soybeans,Brazil,Ukraine,849366.6666666665
Soybeans,Brazil,Indonesia,735998.71
Soybeans,Brazil,South Africa,471000.0
Soybeans,Brazil,Thailand,292821.3333333333
Soybeans,Brazil,Mexico,288143.76999999996
Soybeans,Brazil,Viet Nam,245470.82333333333
Soybeans,Brazil,Serbia,238698.05
Soybeans,Brazil,Zambia,211222.1066666667
Soybeans,Brazil,Italy,198746.66666666663
Soybeans,Brazil,Bolivia (Plurinational State of),188538.77666666685
Soybeans,Brazil,Romania,176990.0
Soybeans,Brazil,Nigeria,171316.66666666674
Soybeans,Brazil,Democratic People's Republic of Korea,168666.66666666666
Soybeans,Brazil,Benin,148126.9433333333
Soybeans,Brazil,Cambodia,131096.0
Soybeans,Brazil,Zimbabwe,120540.92666666667
Soybeans,Brazil,Myanmar,119637.0
Soybeans,Brazil,Ecuador,92443.04
Soybeans,Brazil,Republic of Moldova,70215.0
Soybeans,Brazil,Egypt,65683.0
Soybeans,Brazil,Republic of Korea,55943.66666666667
Soybeans,Brazil,Australia,54993.666666666664
Soybeans,Brazil,Croatia,54123.33333333334
Soybeans,Brazil,Venezuela (Bolivarian Republic of),52828.666666666664
Soybeans,Brazil,Kazakhstan,51467.27000000002
Soybeans,Brazil,Mozambique,50000.0
Soybeans,Brazil,Colombia,43761.84
Soybeans,Brazil,Japan,40566.66666666666
Soybeans,Brazil,France,38353.333333333314
Soybeans,Brazil,Malawi,35394.666666666686
Soybeans,Brazil,Ethiopia,34130.00333333333
Soybeans,Brazil,Bulgaria,33927.666666666664
Soybeans,Brazil,Slovakia,32916.66666666666
Soybeans,Brazil,Hungary,29938.333333333343
Soybeans,Brazil,Rwanda,26910.836666666666
Soybeans,Brazil,Uganda,26000.0
Soybeans,Brazil,Togo,25315.333333333343
Soybeans,Brazil,Türkiye,23833.333333333343
Soybeans,Brazil,Burkina Faso,23060.42
Soybeans,Brazil,Austria,21223.333333333343
Soybeans,Brazil,Iran (Islamic Republic of),18295.29999999999
Soybeans,Brazil,United Republic of Tanzania,17049.983333333337
Soybeans,Brazil,Ghana,15666.666666666657
Soybeans,Brazil,Lao People's Democratic Republic,13216.666666666668
Soybeans,Brazil,Bangladesh,12981.0
Soybeans,Brazil,Germany,10300.0
Soybeans,Brazil,Cameroon,10174.903333333335
Soybeans,Brazil,Greece,10014.71
Soybeans,Brazil,Poland,9770.0
Soybeans,Brazil,Sri Lanka,9224.466666666667
Soybeans,Brazil,Bosnia and Herzegovina,7702.0
Soybeans,Brazil,Uzbekistan,7240.746666666666
Soybeans,Brazil,Czechia,5410.0
Soybeans,Brazil,Angola,4863.0
Soybeans,Brazil,Belize,4586.333333333332
Soybeans,Brazil,Mali,3826.0
Soybeans,Brazil,Syrian Arab Republic,3246.6666666666665
Soybeans,Brazil,Côte d'Ivoire,2535.8533333333335
Soybeans,Brazil,Nepal,2519.0733333333337
Soybeans,Brazil,Spain,2260.0
Soybeans,Brazil,Kenya,2247.0633333333326
Soybeans,Brazil,Slovenia,1870.0
Soybeans,Brazil,Peru,1702.5133333333333
Soybeans,Brazil,Bhutan,1562.7266666666667
Soybeans,Brazil,Afghanistan,1547.0
Soybeans,Brazil,Pakistan,1515.6666666666667
Soybeans,Brazil,Burundi,1397.3333333333335
Soybeans,Brazil,Lithuania,1373.3333333333335
Soybeans,Brazil,Guatemala,1171.3333333333358
Soybeans,Brazil,Timor-Leste,1154.6066666666666
Soybeans,Brazil,Georgia,1000.0
Soybeans,Brazil,North Macedonia,843.43
Soybeans,Brazil,Honduras,807.1333333333332
Soybeans,Brazil,Switzerland,781.333333333333
Soybeans,Brazil,Democratic Republic of the Congo,682.3333333333321
Soybeans,Brazil,Kyrgyzstan,656.3333333333335
Soybeans,Brazil,Philippines,500.15999999999997
Soybeans,Brazil,Azerbaijan,289.2733333333333
Soybeans,Brazil,Albania,273.9666666666667
Soybeans,Brazil,Gabon,223.74333333333243
Soybeans,Brazil,Morocco,200.0
Soybeans,Brazil,El Salvador,97.55999999999949
Soybeans,Brazil,Iraq,65.83
Soybeans,Brazil,Suriname,50.75
Soybeans,Brazil,Liberia,37.106666666666115
Soybeans,Brazil,Luxembourg,20.0
Soybeans,Brazil,Tajikistan,15.646666666666665
Soybeans,Brazil,Panama,8.683333333333337
Soybeans,Brazil,French Polynesia,8.333333333333332
Soybeans,Brazil,Madagascar,2.2166666666666686
Sugarcane,Brazil,Thailand,50783812.33333333
Sugarcane,Brazil,India,45414367.373333335
Sugarcane,Brazil,Cuba,28956455.333333332
Sugarcane,Brazil,"China, mainland",23331300.0
Sugarcane,Brazil,Argentina,11454431.036666667
Sugarcane,Brazil,Viet Nam,8904053.58
Sugarcane,Brazil,Guatemala,8755017.27333333
Sugarcane,Brazil,Australia,7367301.72666667
Sugarcane,Brazil,Venezuela (Bolivarian Republic of),6580250.666666666
Sugarcane,Brazil,Colombia,6508890.956666671
Sugarcane,Brazil,South Africa,6191495.333333332
Sugarcane,Brazil,United States of America,5733896.666666668
Sugarcane,Brazil,Mexico,5717704.333333336
Sugarcane,Brazil,Philippines,5492312.133333333
Sugarcane,Brazil,Bangladesh,3775826.6666666665
Sugarcane,Brazil,Mauritius,3332591.3333333335
Sugarcane,Brazil,Guyana,3007815.0233333334
Sugarcane,Brazil,Ecuador,2916928.586666666
Sugarcane,Brazil,Sudan,2355234.163333333
Sugarcane,Brazil,Fiji,2057478.6666666667
Sugarcane,Brazil,Jamaica,1766410.0
Sugarcane,Brazil,Egypt,1755560.333333334
Sugarcane,Brazil,Ethiopia,1752703.7466666666
Sugarcane,Brazil,Peru,1698580.8666666653
Sugarcane,Brazil,Honduras,1662258.8500000006
Sugarcane,Brazil,Kenya,1461466.666666667
Sugarcane,Brazil,Mozambique,1455595.6666666665
Sugarcane,Brazil,Nepal,1188858.683333334
Sugarcane,Brazil,Malaysia,1076337.4533333334
Sugarcane,Brazil,Paraguay,1054845.666666667
Sugarcane,Brazil,Morocco,912444.8833333333
Sugarcane,Brazil,Cambodia,895280.25
Sugarcane,Brazil,Iran (Islamic Republic of),856402.3399999999
Sugarcane,Brazil,Costa Rica,828108.3333333335
Sugarcane,Brazil,Myanmar,763172.8866666667
Sugarcane,Brazil,Panama,745791.6666666667
Sugarcane,Brazil,Lao People's Democratic Republic,586540.0
Sugarcane,Brazil,Pakistan,560794.0
Sugarcane,Brazil,Indonesia,533333.3333333321
Sugarcane,Brazil,Barbados,451971.9766666667
Sugarcane,Brazil,Malawi,424656.49333333364
Sugarcane,Brazil,Eswatini,417016.666666667
Sugarcane,Brazil,Cameroon,397917.6599999999
Sugarcane,Brazil,Zimbabwe,379492.333333333
Sugarcane,Brazil,Japan,327000.0
Sugarcane,Brazil,Democratic Republic of the Congo,326671.7033333336
Sugarcane,Brazil,Nicaragua,302686.9333333336
Sugarcane,Brazil,Sri Lanka,300660.8666666667
Sugarcane,Brazil,Bolivia (Plurinational State of),299467.23666666634
Sugarcane,Brazil,El Salvador,270758.3900000006
Sugarcane,Brazil,United Republic of Tanzania,245503.7366666668
Sugarcane,Brazil,Zambia,233333.33333333302
Sugarcane,Brazil,Belize,164910.66666666674
Sugarcane,Brazil,Dominican Republic,150979.39999999944
Sugarcane,Brazil,Papua New Guinea,125666.66666666669
Sugarcane,Brazil,Senegal,119607.94999999995
Sugarcane,Brazil,Angola,115666.66666666674
Sugarcane,Brazil,Uganda,111200.91666666698
Sugarcane,Brazil,Burundi,75445.0
Sugarcane,Brazil,Afghanistan,71257.33333333334
Sugarcane,Brazil,Iraq,70000.0
Sugarcane,Brazil,Gabon,45702.36666666667
Sugarcane,Brazil,Niger,37840.83333333337
Sugarcane,Brazil,Chad,37745.686666666705
Sugarcane,Brazil,Uruguay,32766.666666666686
Sugarcane,Brazil,Madagascar,31164.58333333349
Sugarcane,Brazil,Suriname,28866.28
Sugarcane,Brazil,Benin,20500.0
Sugarcane,Brazil,Mali,20000.0
Sugarcane,Brazil,Somalia,17600.0
Sugarcane,Brazil,Haiti,12556.023333333433
Sugarcane,Brazil,Bahamas,11687.023333333338
Sugarcane,Brazil,Nigeria,8467.809999999823
Sugarcane,Brazil,Central African Republic,6971.563333333339
Sugarcane,Brazil,Congo,6510.703333333251
Sugarcane,Brazil,Rwanda,5975.143333333326
Sugarcane,Brazil,Cabo Verde,5451.666666666668
Sugarcane,Brazil,Grenada,1811.333333333333
Sugarcane,Brazil,Burkina Faso,1723.5800000000163
Sugarcane,Brazil,Guinea,1674.5366666666814
Sugarcane,Brazil,Bhutan,1171.38
Sugarcane,Brazil,Liberia,755.7533333332976
Sugarcane,Brazil,Côte d'Ivoire,594.3333333334886
Sugarcane,Brazil,Sierra Leone,538.5533333333296
Sugarcane,Brazil,Ghana,370.7233333333279
Sugarcane,Brazil,Guinea-Bissau,52.1899999999996
Sugarcane,Brazil,Oman,37.6733333333334
Sugarcane,Brazil,Brunei Darussalam,28.00999999999999
Sugarcane,Brazil,French Polynesia,18.306666666666843
Sugarcane,Brazil,Dominica,5.823333333332812
Sugarcane,Brazil,Djibouti,0.7199999999999989
Sugarcane,Brazil,Kuwait,0.6666666666666665
Sugarcane,Brazil,Samoa,0.07333333333333236
Wheat,"China, mainland",United States of America,21677612.666666664
Wheat,"China, mainland",Russian Federation,13212313.200000003
Wheat,"China, mainland",Kazakhstan,9288890.43666667
Wheat,"China, mainland",Canada,7352939.333333332
Wheat,"China, mainland",Ukraine,7337396.666666668
Wheat,"China, mainland",France,7020894.066666663
Wheat,"China, mainland",Australia,6044355.256666668
Wheat,"China, mainland",Germany,5923900.0
Wheat,"China, mainland",Argentina,5297186.666666668
Wheat,"China, mainland",Morocco,3271335.036666666
Wheat,"China, mainland",Iran (Islamic Republic of),2941333.333333334
Wheat,"China, mainland",Türkiye,2800000.0
Wheat,"China, mainland",Syrian Arab Republic,2737412.69
Wheat,"China, mainland",United Kingdom of Great Britain and Northern Ireland,2724384.333333334
Wheat,"China, mainland",Iraq,2489681.3333333335
Wheat,"China, mainland",Spain,2190410.0
Wheat,"China, mainland",Turkmenistan,2043333.3333333333
Wheat,"China, mainland",Denmark,2017483.3333333335
Wheat,"China, mainland",Italy,1922586.666666667
Wheat,"China, mainland",Saudi Arabia,1866674.9633333334
Wheat,"China, mainland",Brazil,1692587.666666666
Wheat,"China, mainland",Algeria,1425090.4833333334
Wheat,"China, mainland",Afghanistan,1313187.6666666665
Wheat,"China, mainland",India,1259593.5400000066
Wheat,"China, mainland",Greece,1063445.5633333332
Wheat,"China, mainland",Tunisia,1051333.3333333335
Wheat,"China, mainland",Pakistan,882767.0
Wheat,"China, mainland",Romania,853063.333333334
Wheat,"China, mainland",Uruguay,828533.3333333333
Wheat,"China, mainland",Hungary,811206.666666667
Wheat,"China, mainland",Bangladesh,747201.0
Wheat,"China, mainland",Kyrgyzstan,725389.0
Wheat,"China, mainland",Uzbekistan,722558.2766666664
Wheat,"China, mainland",Chile,671549.2666666666
Wheat,"China, mainland",Mexico,659331.706666667
Wheat,"China, mainland",Paraguay,604121.0
Wheat,"China, mainland",Poland,521433.33333333395
Wheat,"China, mainland",Sweden,468566.6666666665
Wheat,"China, mainland",Bulgaria,461150.0
Wheat,"China, mainland",Lithuania,423083.333333333
Wheat,"China, mainland",Ireland,415056.6666666666
Wheat,"China, mainland",Portugal,357687.6666666667
Wheat,"China, mainland",South Africa,355616.6666666665
Wheat,"China, mainland",Belarus,344745.6666666665
Wheat,"China, mainland",Azerbaijan,340659.09999999986
Wheat,"China, mainland",Netherlands (Kingdom of the),333063.33333333326
Wheat,"China, mainland",Egypt,332149.63333333284
Wheat,"China, mainland",Finland,328056.6666666666
Wheat,"China, mainland",Czechia,317336.333333333
Wheat,"China, mainland",Slovakia,310270.0
Wheat,"China, mainland",Austria,302046.93333333335
Wheat,"China, mainland",Latvia,298300.0
Wheat,"China, mainland",Sudan,268416.6666666667
Wheat,"China, mainland",Belgium,261940.33333333326
Wheat,"China, mainland",Republic of Moldova,240135.06666666665
Wheat,"China, mainland",Armenia,224868.5
Wheat,"China, mainland",Norway,221566.6666666667
Wheat,"China, mainland",Tajikistan,206336.66666666663
Wheat,"China, mainland",Kenya,169564.0
Wheat,"China, mainland",Yemen,160117.36
Wheat,"China, mainland",Georgia,159912.33333333334
Wheat,"China, mainland",North Macedonia,129000.66666666666
Wheat,"China, mainland",Nigeria,125937.83666666667
Wheat,"China, mainland",Serbia,115088.33333333349
Wheat,"China, mainland",Zimbabwe,114929.33333333331
Wheat,"China, mainland",Democratic People's Republic of Korea,110583.33333333333
Wheat,"China, mainland",Albania,110466.47333333336
Wheat,"China, mainland",Switzerland,104298.0
Wheat,"China, mainland",Mongolia,95742.34000000003
Wheat,"China, mainland",United Republic of Tanzania,92826.0
Wheat,"China, mainland",Estonia,92616.66666666663
Wheat,"China, mainland",Myanmar,90790.0
Wheat,"China, mainland",New Zealand,82946.33333333331
Wheat,"China, mainland",Israel,75287.0
Wheat,"China, mainland",Libya,70000.0
Wheat,"China, mainland",Croatia,68804.33333333337
Wheat,"China, mainland",Nepal,61853.613333333284
Wheat,"China, mainland",Bosnia and Herzegovina,55314.666666666686
Wheat,"China, mainland",Ethiopia,47636.95999999996
Wheat,"China, mainland",Lesotho,45971.666666666664
Wheat,"China, mainland",Palestine,39705.0
Wheat,"China, mainland",Zambia,38059.04000000001
Wheat,"China, mainland",Slovenia,37858.33333333334
Wheat,"China, mainland",Colombia,37165.333333333336
Wheat,"China, mainland",Japan,35500.0
Wheat,"China, mainland",Bolivia (Plurinational State of),30720.806666666642
Wheat,"China, mainland",Peru,26944.716666666674
Wheat,"China, mainland",Luxembourg,19630.0
Wheat,"China, mainland",Jordan,19317.166666666668
Wheat,"China, mainland",Mali,14654.0
Wheat,"China, mainland",Malta,14500.0
Wheat,"China, mainland",Republic of Korea,14244.0
Wheat,"China, mainland",Burundi,13460.333333333334
Wheat,"China, mainland",Eritrea,11490.0
Wheat,"China, mainland",Bhutan,10380.756666666666
Wheat,"China, mainland",Rwanda,9893.94
Wheat,"China, mainland",Madagascar,9666.666666666666
Wheat,"China, mainland",Guatemala,8883.74
Wheat,"China, mainland",Angola,8125.666666666666
Wheat,"China, mainland",Chad,7368.823333333334
Wheat,"China, mainland",Ecuador,7211.866666666668
Wheat,"China, mainland",Cyprus,6929.333333333332
Wheat,"China, mainland",Namibia,6468.333333333332
Wheat,"China, mainland",Niger,5045.016666666666
Wheat,"China, mainland",Mozambique,5043.333333333334
Wheat,"China, mainland",Lebanon,4799.666666666657
Wheat,"China, mainland",Malawi,4386.666666666667
Wheat,"China, mainland",Mauritania,4053.3333333333335
Wheat,"China, mainland",Oman,2898.333333333333
Wheat,"China, mainland",Democratic Republic of the Congo,2500.0
Wheat,"China, mainland",Botswana,1210.0
Wheat,"China, mainland",Kuwait,684.5166666666667
Wheat,"China, mainland",Montenegro,416.5999999999999
Wheat,"China, mainland",Cameroon,334.36
Wheat,"China, mainland",Venezuela (Bolivarian Republic of),320.0
Wheat,"China, mainland",Thailand,179.93666666666672
Wheat,"China, mainland",Qatar,166.89999999999998
Wheat,"China, mainland",Somalia,141.23333333333335
Wheat,"China, mainland",New Caledonia,74.81333333333333
Wheat,"China, mainland",Honduras,11.353333333333467
Wheat,"China, mainland",Eswatini,2.5633333333333894
