alpha,exposure_weight,exposure_cap,downside_cap,Crop,CFI,Rank
0.5,0.3,0.4,0.15,Soybeans,49.69485458083462,1
0.5,0.3,0.4,0.15,Maize,49.20141443550567,2
0.5,0.3,0.4,0.15,Rice,46.24934991200839,3
0.5,0.3,0.4,0.15,Sugarcane,43.54044454763913,4
0.5,0.3,0.4,0.15,Cassava,14.123052812052935,5
0.5,0.3,0.4,0.15,Wheat,0.7252092340866924,6
0.5,0.3,0.4,0.15,Barley,0.0,7
0.5,0.3,0.4,0.15,Millet,0.0,8
0.5,0.3,0.4,0.15,Potatoes,0.0,9
0.5,0.3,0.4,0.15,Sorghum,0.0,10
0.5,0.3,0.4,0.2,Soybeans,48.26343630790445,1
0.5,0.3,0.4,0.2,Maize,47.230698842168515,2
0.5,0.3,0.4,0.2,Rice,45.36877615505488,3
0.5,0.3,0.4,0.2,Sugarcane,42.973758635763936,4
0.5,0.3,0.4,0.2,Cassava,13.534061962262601,5
0.5,0.3,0.4,0.2,Wheat,0.7129544521030223,6
0.5,0.3,0.4,0.2,Barley,0.0,7
0.5,0.3,0.4,0.2,Millet,0.0,8
0.5,0.3,0.4,0.2,Potatoes,0.0,9
0.5,0.3,0.4,0.2,Sorghum,0.0,10
0.5,0.3,0.4,0.25,Soybeans,47.40458534414635,1
0.5,0.3,0.4,0.25,Maize,46.04826948616623,2
0.5,0.3,0.4,0.25,Rice,44.840431900882784,3
0.5,0.3,0.4,0.25,Sugarcane,42.63374708863882,4
0.5,0.3,0.4,0.25,Cassava,13.1806674523884,5
0.5,0.3,0.4,0.25,Wheat,0.7056015829128204,6
0.5,0.3,0.4,0.25,Barley,0.0,7
0.5,0.3,0.4,0.25,Millet,0.0,8
0.5,0.3,0.4,0.25,Potatoes,0.0,9
0.5,0.3,0.4,0.25,Sorghum,0.0,10
0.5,0.3,0.5,0.15,Soybeans,47.77975247245322,1
0.5,0.3,0.5,0.15,Maize,47.64087397552006,2
0.5,0.3,0.5,0.15,Rice,44.83266978918287,3
0.5,0.3,0.5,0.15,Sugarcane,41.69789987724451,4
0.5,0.3,0.5,0.15,Cassava,13.839238609609172,5
0.5,0.3,0.5,0.15,Wheat,0.7097261451235529,6
0.5,0.3,0.5,0.15,Barley,0.0,7
0.5,0.3,0.5,0.15,Millet,0.0,8
0.5,0.3,0.5,0.15,Potatoes,0.0,9
0.5,0.3,0.5,0.15,Sorghum,0.0,10
0.5,0.3,0.5,0.2,Soybeans,46.348334199523045,1
0.5,0.3,0.5,0.2,Maize,45.6701583821829,2
0.5,0.3,0.5,0.2,Rice,43.95209603222936,3
0.5,0.3,0.5,0.2,Sugarcane,41.131213965369305,4
0.5,0.3,0.5,0.2,Cassava,13.250247759818837,5
0.5,0.3,0.5,0.2,Wheat,0.6974713631398829,6
0.5,0.3,0.5,0.2,Barley,0.0,7
0.5,0.3,0.5,0.2,Millet,0.0,8
0.5,0.3,0.5,0.2,Potatoes,0.0,9
0.5,0.3,0.5,0.2,Sorghum,0.0,10
0.5,0.3,0.5,0.25,Soybeans,45.489483235764936,1
0.5,0.3,0.5,0.25,Maize,44.4877290261806,2
0.5,0.3,0.5,0.25,Rice,43.423751778057266,3
0.5,0.3,0.5,0.25,Sugarcane,40.79120241824418,4
0.5,0.3,0.5,0.25,Cassava,12.896853249944638,5
0.5,0.3,0.5,0.25,Wheat,0.6901184939496811,6
0.5,0.3,0.5,0.25,Barley,0.0,7
0.5,0.3,0.5,0.25,Millet,0.0,8
0.5,0.3,0.5,0.25,Potatoes,0.0,9
0.5,0.3,0.5,0.25,Sorghum,0.0,10
0.5,0.3,0.6,0.15,Maize,46.60051366886299,1
0.5,0.3,0.6,0.15,Soybeans,46.503017733532275,2
0.5,0.3,0.6,0.15,Rice,43.888216373965854,3
0.5,0.3,0.6,0.15,Sugarcane,40.469536763648094,4
0.5,0.3,0.6,0.15,Cassava,13.650029141313327,5
0.5,0.3,0.6,0.15,Wheat,0.6994040858147934,6
0.5,0.3,0.6,0.15,Barley,0.0,7
0.5,0.3,0.6,0.15,Millet,0.0,8
0.5,0.3,0.6,0.15,Potatoes,0.0,9
0.5,0.3,0.6,0.15,Sorghum,0.0,10
0.5,0.3,0.6,0.2,Soybeans,45.071599460602094,1
0.5,0.3,0.6,0.2,Maize,44.62979807552583,2
0.5,0.3,0.6,0.2,Rice,43.00764261701235,3
0.5,0.3,0.6,0.2,Sugarcane,39.90285085177289,4
0.5,0.3,0.6,0.2,Cassava,13.061038291522996,5
0.5,0.3,0.6,0.2,Wheat,0.6871493038311235,6
0.5,0.3,0.6,0.2,Barley,0.0,7
0.5,0.3,0.6,0.2,Millet,0.0,8
0.5,0.3,0.6,0.2,Potatoes,0.0,9
0.5,0.3,0.6,0.2,Sorghum,0.0,10
0.5,0.3,0.6,0.25,Soybeans,44.21274849684399,1
0.5,0.3,0.6,0.25,Maize,43.447368719523524,2
0.5,0.3,0.6,0.25,Rice,42.479298362840254,3
0.5,0.3,0.6,0.25,Sugarcane,39.56283930464777,4
0.5,0.3,0.6,0.25,Cassava,12.707643781648795,5
0.5,0.3,0.6,0.25,Wheat,0.6797964346409214,6
0.5,0.3,0.6,0.25,Barley,0.0,7
0.5,0.3,0.6,0.25,Millet,0.0,8
0.5,0.3,0.6,0.25,Potatoes,0.0,9
0.5,0.3,0.6,0.25,Sorghum,0.0,10
0.5,0.4,0.4,0.15,Soybeans,52.068738129319726,1
0.5,0.4,0.4,0.15,Maize,50.6761920059557,2
0.5,0.4,0.4,0.15,Rice,48.10729844607749,3
0.5,0.4,0.4,0.15,Sugarcane,46.28753181055863,4
0.5,0.4,0.4,0.15,Cassava,14.259510282912352,5
0.5,0.4,0.4,0.15,Wheat,0.7440116497964943,6
0.5,0.4,0.4,0.15,Barley,0.0,7
0.5,0.4,0.4,0.15,Millet,0.0,8
0.5,0.4,0.4,0.15,Potatoes,0.0,9
0.5,0.4,0.4,0.15,Sorghum,0.0,10
0.5,0.4,0.4,0.2,Soybeans,50.84180818109386,1
0.5,0.4,0.4,0.2,Maize,48.98700721166671,2
0.5,0.4,0.4,0.2,Rice,47.35252094011735,3
0.5,0.4,0.4,0.2,Sugarcane,45.80180102895132,4
0.5,0.4,0.4,0.2,Cassava,13.754660983092064,5
0.5,0.4,0.4,0.2,Wheat,0.7335075509533485,6
0.5,0.4,0.4,0.2,Barley,0.0,7
0.5,0.4,0.4,0.2,Millet,0.0,8
0.5,0.4,0.4,0.2,Potatoes,0.0,9
0.5,0.4,0.4,0.2,Sorghum,0.0,10
0.5,0.4,0.4,0.25,Soybeans,50.105650212158345,1
0.5,0.4,0.4,0.25,Maize,47.97349633509332,2
0.5,0.4,0.4,0.25,Rice,46.89965443654127,3
0.5,0.4,0.4,0.25,Sugarcane,45.51036255998693,4
0.5,0.4,0.4,0.25,Cassava,13.451751403199895,5
0.5,0.4,0.4,0.25,Wheat,0.727205091647461,6
0.5,0.4,0.4,0.25,Barley,0.0,7
0.5,0.4,0.4,0.25,Millet,0.0,8
0.5,0.4,0.4,0.25,Potatoes,0.0,9
0.5,0.4,0.4,0.25,Sorghum,0.0,10
0.5,0.4,0.5,0.15,Soybeans,49.51526865147785,1
0.5,0.4,0.5,0.15,Maize,48.59547139264155,2
0.5,0.4,0.5,0.15,Rice,46.21839161564347,3
0.5,0.4,0.5,0.15,Sugarcane,43.8308055833658,4
0.5,0.4,0.5,0.15,Cassava,13.881091346320666,5
0.5,0.4,0.5,0.15,Wheat,0.7233675311789751,6
0.5,0.4,0.5,0.15,Barley,0.0,7
0.5,0.4,0.5,0.15,Millet,0.0,8
0.5,0.4,0.5,0.15,Potatoes,0.0,9
0.5,0.4,0.5,0.15,Sorghum,0.0,10
0.5,0.4,0.5,0.2,Soybeans,48.28833870325198,1
0.5,0.4,0.5,0.2,Maize,46.90628659835256,2
0.5,0.4,0.5,0.2,Rice,45.46361410968333,3
0.5,0.4,0.5,0.2,Sugarcane,43.34507480175849,4
0.5,0.4,0.5,0.2,Cassava,13.376242046500382,5
0.5,0.4,0.5,0.2,Wheat,0.7128634323358293,6
0.5,0.4,0.5,0.2,Barley,0.0,7
0.5,0.4,0.5,0.2,Millet,0.0,8
0.5,0.4,0.5,0.2,Potatoes,0.0,9
0.5,0.4,0.5,0.2,Sorghum,0.0,10
0.5,0.4,0.5,0.25,Soybeans,47.55218073431647,1
0.5,0.4,0.5,0.25,Maize,45.89277572177917,2
0.5,0.4,0.5,0.25,Rice,45.010747606107245,3
0.5,0.4,0.5,0.25,Sugarcane,43.05363633279409,4
0.5,0.4,0.5,0.25,Cassava,13.073332466608207,5
0.5,0.4,0.5,0.25,Wheat,0.7065609730299418,6
0.5,0.4,0.5,0.25,Barley,0.0,7
0.5,0.4,0.5,0.25,Millet,0.0,8
0.5,0.4,0.5,0.25,Potatoes,0.0,9
0.5,0.4,0.5,0.25,Sorghum,0.0,10
0.5,0.4,0.6,0.15,Soybeans,47.812955666249934,1
0.5,0.4,0.6,0.15,Maize,47.208324317098786,2
0.5,0.4,0.6,0.15,Rice,44.95912039535411,3
0.5,0.4,0.6,0.15,Sugarcane,42.19298809857058,4
0.5,0.4,0.6,0.15,Cassava,13.62881205525954,5
0.5,0.4,0.6,0.15,Wheat,0.7096047854339622,6
0.5,0.4,0.6,0.15,Barley,0.0,7
0.5,0.4,0.6,0.15,Millet,0.0,8
0.5,0.4,0.6,0.15,Potatoes,0.0,9
0.5,0.4,0.6,0.15,Sorghum,0.0,10
0.5,0.4,0.6,0.2,Soybeans,46.58602571802407,1
0.5,0.4,0.6,0.2,Maize,45.519139522809795,2
0.5,0.4,0.6,0.2,Rice,44.20434288939398,3
0.5,0.4,0.6,0.2,Sugarcane,41.707257316963265,4
0.5,0.4,0.6,0.2,Cassava,13.123962755439257,5
0.5,0.4,0.6,0.2,Wheat,0.6991006865908165,6
0.5,0.4,0.6,0.2,Barley,0.0,7
0.5,0.4,0.6,0.2,Millet,0.0,8
0.5,0.4,0.6,0.2,Potatoes,0.0,9
0.5,0.4,0.6,0.2,Sorghum,0.0,10
0.5,0.4,0.6,0.25,Soybeans,45.84986774908855,1
0.5,0.4,0.6,0.25,Maize,44.5056286462364,2
0.5,0.4,0.6,0.25,Rice,43.75147638581788,3
0.5,0.4,0.6,0.25,Sugarcane,41.41581884799887,4
0.5,0.4,0.6,0.25,Cassava,12.821053175547085,5
0.5,0.4,0.6,0.25,Wheat,0.6927982272849291,6
0.5,0.4,0.6,0.25,Barley,0.0,7
0.5,0.4,0.6,0.25,Millet,0.0,8
0.5,0.4,0.6,0.25,Potatoes,0.0,9
0.5,0.4,0.6,0.25,Sorghum,0.0,10
0.5,0.5,0.4,0.15,Soybeans,54.44262167780484,1
0.5,0.5,0.4,0.15,Maize,52.150969576405735,2
0.5,0.5,0.4,0.15,Rice,49.9652469801466,3
0.5,0.5,0.4,0.15,Sugarcane,49.03461907347815,4
0.5,0.5,0.4,0.15,Cassava,14.395967753771766,5
0.5,0.5,0.4,0.15,Wheat,0.762814065506296,6
0.5,0.5,0.4,0.15,Barley,0.0,7
0.5,0.5,0.4,0.15,Millet,0.0,8
0.5,0.5,0.4,0.15,Potatoes,0.0,9
0.5,0.5,0.4,0.15,Sorghum,0.0,10
0.5,0.5,0.4,0.2,Soybeans,53.42018005428328,1
0.5,0.5,0.4,0.2,Maize,50.74331558116491,2
0.5,0.5,0.4,0.2,Rice,49.336265725179814,3
0.5,0.5,0.4,0.2,Sugarcane,48.62984342213871,4
0.5,0.5,0.4,0.2,Cassava,13.975260003921527,5
0.5,0.5,0.4,0.2,Wheat,0.7540606498036746,6
0.5,0.5,0.4,0.2,Barley,0.0,7
0.5,0.5,0.4,0.2,Millet,0.0,8
0.5,0.5,0.4,0.2,Potatoes,0.0,9
0.5,0.5,0.4,0.2,Sorghum,0.0,10
0.5,0.5,0.4,0.25,Soybeans,52.80671508017034,1
0.5,0.5,0.4,0.25,Maize,49.89872318402042,2
0.5,0.5,0.4,0.25,Rice,48.95887697219974,3
0.5,0.5,0.4,0.25,Sugarcane,48.386978031335055,4
0.5,0.5,0.4,0.25,Cassava,13.722835354011385,5
0.5,0.5,0.4,0.25,Wheat,0.7488086003821018,6
0.5,0.5,0.4,0.25,Barley,0.0,7
0.5,0.5,0.4,0.25,Millet,0.0,8
0.5,0.5,0.4,0.25,Potatoes,0.0,9
0.5,0.5,0.4,0.25,Sorghum,0.0,10
0.5,0.5,0.5,0.15,Soybeans,51.25078483050248,1
0.5,0.5,0.5,0.15,Maize,49.55006880976304,2
0.5,0.5,0.5,0.15,Rice,47.604113442104065,3
0.5,0.5,0.5,0.15,Sugarcane,45.963711289487094,4
0.5,0.5,0.5,0.15,Cassava,13.922944083032162,5
0.5,0.5,0.5,0.15,Wheat,0.7370089172343971,6
0.5,0.5,0.5,0.15,Barley,0.0,7
0.5,0.5,0.5,0.15,Millet,0.0,8
0.5,0.5,0.5,0.15,Potatoes,0.0,9
0.5,0.5,0.5,0.15,Sorghum,0.0,10
0.5,0.5,0.5,0.2,Soybeans,50.22834320698094,1
0.5,0.5,0.5,0.2,Maize,48.14241481452222,2
0.5,0.5,0.5,0.2,Rice,46.97513218713728,3
0.5,0.5,0.5,0.2,Sugarcane,45.55893563814766,4
0.5,0.5,0.5,0.2,Cassava,13.502236333181923,5
0.5,0.5,0.5,0.2,Wheat,0.7282555015317755,6
0.5,0.5,0.5,0.2,Barley,0.0,7
0.5,0.5,0.5,0.2,Millet,0.0,8
0.5,0.5,0.5,0.2,Potatoes,0.0,9
0.5,0.5,0.5,0.2,Sorghum,0.0,10
0.5,0.5,0.5,0.25,Soybeans,49.614878232868,1
0.5,0.5,0.5,0.25,Maize,47.29782241737772,2
0.5,0.5,0.5,0.25,Rice,46.59774343415721,3
0.5,0.5,0.5,0.25,Sugarcane,45.31607024734401,4
0.5,0.5,0.5,0.25,Cassava,13.24981168327178,5
0.5,0.5,0.5,0.25,Wheat,0.7230034521102028,6
0.5,0.5,0.5,0.25,Barley,0.0,7
0.5,0.5,0.5,0.25,Millet,0.0,8
0.5,0.5,0.5,0.25,Potatoes,0.0,9
0.5,0.5,0.5,0.25,Sorghum,0.0,10
0.5,0.5,0.6,0.15,Soybeans,49.122893598967586,1
0.5,0.5,0.6,0.15,Maize,47.816134965334584,2
0.5,0.5,0.6,0.15,Rice,46.03002441674238,3
0.5,0.5,0.6,0.15,Sugarcane,43.91643943349307,4
0.5,0.5,0.6,0.15,Cassava,13.607594969205755,5
0.5,0.5,0.6,0.15,Wheat,0.719805485053131,6
0.5,0.5,0.6,0.15,Barley,0.0,7
0.5,0.5,0.6,0.15,Millet,0.0,8
0.5,0.5,0.6,0.15,Potatoes,0.0,9
0.5,0.5,0.6,0.15,Sorghum,0.0,10
0.5,0.5,0.6,0.2,Soybeans,48.100451975446035,1
0.5,0.5,0.6,0.2,Maize,46.408480970093756,2
0.5,0.5,0.6,0.2,Rice,45.40104316177559,3
0.5,0.5,0.6,0.2,Sugarcane,43.51166378215363,4
0.5,0.5,0.6,0.2,Cassava,13.186887219355519,5
0.5,0.5,0.6,0.2,Wheat,0.7110520693505097,6
0.5,0.5,0.6,0.2,Barley,0.0,7
0.5,0.5,0.6,0.2,Millet,0.0,8
0.5,0.5,0.6,0.2,Potatoes,0.0,9
0.5,0.5,0.6,0.2,Sorghum,0.0,10
0.5,0.5,0.6,0.25,Soybeans,47.4869870013331,1
0.5,0.5,0.6,0.25,Maize,45.56388857294926,2
0.5,0.5,0.6,0.25,Rice,45.023654408795515,3
0.5,0.5,0.6,0.25,Sugarcane,43.268798391349975,4
0.5,0.5,0.6,0.25,Cassava,12.934462569445376,5
0.5,0.5,0.6,0.25,Wheat,0.7058000199289368,6
0.5,0.5,0.6,0.25,Barley,0.0,7
0.5,0.5,0.6,0.25,Millet,0.0,8
0.5,0.5,0.6,0.25,Potatoes,0.0,9
0.5,0.5,0.6,0.25,Sorghum,0.0,10
0.5,0.6,0.4,0.15,Soybeans,56.816505226289934,1
0.5,0.6,0.4,0.15,Maize,53.62574714685577,2
0.5,0.6,0.4,0.15,Rice,51.823195514215705,3
0.5,0.6,0.4,0.15,Sugarcane,51.78170633639765,4
0.5,0.6,0.4,0.15,Cassava,14.532425224631183,5
0.5,0.6,0.4,0.15,Wheat,0.7816164812160978,6
0.5,0.6,0.4,0.15,Barley,0.0,7
0.5,0.6,0.4,0.15,Millet,0.0,8
0.5,0.6,0.4,0.15,Potatoes,0.0,9
0.5,0.6,0.4,0.15,Sorghum,0.0,10
0.5,0.6,0.4,0.2,Soybeans,55.9985519274727,1
0.5,0.6,0.4,0.2,Maize,52.49962395066311,2
0.5,0.6,0.4,0.2,Sugarcane,51.4578858153261,3
0.5,0.6,0.4,0.2,Rice,51.32001051024227,4
0.5,0.6,0.4,0.2,Cassava,14.195859024750993,5
0.5,0.6,0.4,0.2,Wheat,0.7746137486540007,6
0.5,0.6,0.4,0.2,Barley,0.0,7
0.5,0.6,0.4,0.2,Millet,0.0,8
0.5,0.6,0.4,0.2,Potatoes,0.0,9
0.5,0.6,0.4,0.2,Sorghum,0.0,10
0.5,0.6,0.4,0.25,Soybeans,55.50777994818235,1
0.5,0.6,0.4,0.25,Maize,51.823950032947515,2
0.5,0.6,0.4,0.25,Sugarcane,51.26359350268317,3
0.5,0.6,0.4,0.25,Rice,51.01809950785822,4
0.5,0.6,0.4,0.25,Cassava,13.993919304822878,5
0.5,0.6,0.4,0.25,Wheat,0.7704121091167425,6
0.5,0.6,0.4,0.25,Barley,0.0,7
0.5,0.6,0.4,0.25,Millet,0.0,8
0.5,0.6,0.4,0.25,Potatoes,0.0,9
0.5,0.6,0.4,0.25,Sorghum,0.0,10
0.5,0.6,0.5,0.15,Soybeans,52.98630100952712,1
0.5,0.6,0.5,0.15,Maize,50.50466622688453,2
0.5,0.6,0.5,0.15,Rice,48.98983526856467,3
0.5,0.6,0.5,0.15,Sugarcane,48.096616995608386,4
0.5,0.6,0.5,0.15,Cassava,13.964796819743656,5
0.5,0.6,0.5,0.15,Wheat,0.7506503032898191,6
0.5,0.6,0.5,0.15,Barley,0.0,7
0.5,0.6,0.5,0.15,Millet,0.0,8
0.5,0.6,0.5,0.15,Potatoes,0.0,9
0.5,0.6,0.5,0.15,Sorghum,0.0,10
0.5,0.6,0.5,0.2,Soybeans,52.168347710709874,1
0.5,0.6,0.5,0.2,Maize,49.37854303069187,2
0.5,0.6,0.5,0.2,Rice,48.48665026459123,3
0.5,0.6,0.5,0.2,Sugarcane,47.77279647453684,4
0.5,0.6,0.5,0.2,Cassava,13.628230619863464,5
0.5,0.6,0.5,0.2,Wheat,0.7436475707277219,6
0.5,0.6,0.5,0.2,Barley,0.0,7
0.5,0.6,0.5,0.2,Millet,0.0,8
0.5,0.6,0.5,0.2,Potatoes,0.0,9
0.5,0.6,0.5,0.2,Sorghum,0.0,10
0.5,0.6,0.5,0.25,Soybeans,51.67757573141954,1
0.5,0.6,0.5,0.25,Maize,48.70286911297628,2
0.5,0.6,0.5,0.25,Rice,48.184739262207174,3
0.5,0.6,0.5,0.25,Sugarcane,47.57850416189392,4
0.5,0.6,0.5,0.25,Cassava,13.426290899935351,5
0.5,0.6,0.5,0.25,Wheat,0.7394459311904638,6
0.5,0.6,0.5,0.25,Barley,0.0,7
0.5,0.6,0.5,0.25,Millet,0.0,8
0.5,0.6,0.5,0.25,Potatoes,0.0,9
0.5,0.6,0.5,0.25,Sorghum,0.0,10
0.5,0.6,0.6,0.15,Soybeans,50.432831531685245,1
0.5,0.6,0.6,0.15,Maize,48.42394561357038,2
0.5,0.6,0.6,0.15,Rice,47.10092843813063,3
0.5,0.6,0.6,0.15,Sugarcane,45.639890768415555,4
0.5,0.6,0.6,0.15,Cassava,13.58637788315197,5
0.5,0.6,0.6,0.15,Wheat,0.7300061846722999,6
0.5,0.6,0.6,0.15,Barley,0.0,7
0.5,0.6,0.6,0.15,Millet,0.0,8
0.5,0.6,0.6,0.15,Potatoes,0.0,9
0.5,0.6,0.6,0.15,Sorghum,0.0,10
0.5,0.6,0.6,0.2,Soybeans,49.614878232868,1
0.5,0.6,0.6,0.2,Maize,47.29782241737772,2
0.5,0.6,0.6,0.2,Rice,46.59774343415721,3
0.5,0.6,0.6,0.2,Sugarcane,45.316070247344015,4
0.5,0.6,0.6,0.2,Cassava,13.24981168327178,5
0.5,0.6,0.6,0.2,Wheat,0.7230034521102028,6
0.5,0.6,0.6,0.2,Barley,0.0,7
0.5,0.6,0.6,0.2,Millet,0.0,8
0.5,0.6,0.6,0.2,Potatoes,0.0,9
0.5,0.6,0.6,0.2,Sorghum,0.0,10
0.5,0.6,0.6,0.25,Soybeans,49.12410625357765,1
0.5,0.6,0.6,0.25,Maize,46.622148499662124,2
0.5,0.6,0.6,0.25,Rice,46.29583243177315,3
0.5,0.6,0.6,0.25,Sugarcane,45.121777934701086,4
0.5,0.6,0.6,0.25,Cassava,13.047871963343665,5
0.5,0.6,0.6,0.25,Wheat,0.7188018125729445,6
0.5,0.6,0.6,0.25,Barley,0.0,7
0.5,0.6,0.6,0.25,Millet,0.0,8
0.5,0.6,0.6,0.25,Potatoes,0.0,9
0.5,0.6,0.6,0.25,Sorghum,0.0,10
0.5,0.7,0.4,0.15,Soybeans,59.190388774775045,1
0.5,0.7,0.4,0.15,Maize,55.1005247173058,2
0.5,0.7,0.4,0.15,Sugarcane,54.52879359931715,3
0.5,0.7,0.4,0.15,Rice,53.681144048284814,4
0.5,0.7,0.4,0.15,Cassava,14.6688826954906,5
0.5,0.7,0.4,0.15,Wheat,0.8004188969258997,6
0.5,0.7,0.4,0.15,Barley,0.0,7
0.5,0.7,0.4,0.15,Millet,0.0,8
0.5,0.7,0.4,0.15,Potatoes,0.0,9
0.5,0.7,0.4,0.15,Sorghum,0.0,10
0.5,0.7,0.4,0.2,Soybeans,58.57692380066211,1
0.5,0.7,0.4,0.2,Sugarcane,54.28592820851349,2
0.5,0.7,0.4,0.2,Maize,54.2559323201613,3
0.5,0.7,0.4,0.2,Rice,53.30375529530474,4
0.5,0.7,0.4,0.2,Cassava,14.416458045580457,5
0.5,0.7,0.4,0.2,Wheat,0.7951668475043269,6
0.5,0.7,0.4,0.2,Barley,0.0,7
0.5,0.7,0.4,0.2,Millet,0.0,8
0.5,0.7,0.4,0.2,Potatoes,0.0,9
0.5,0.7,0.4,0.2,Sorghum,0.0,10
0.5,0.7,0.4,0.25,Soybeans,58.20884481619435,1
0.5,0.7,0.4,0.25,Sugarcane,54.14020897403129,2
0.5,0.7,0.4,0.25,Maize,53.749176881874604,3
0.5,0.7,0.4,0.25,Rice,53.077322043516695,4
0.5,0.7,0.4,0.25,Cassava,14.26500325563437,5
0.5,0.7,0.4,0.25,Wheat,0.7920156178513832,6
0.5,0.7,0.4,0.25,Barley,0.0,7
0.5,0.7,0.4,0.25,Millet,0.0,8
0.5,0.7,0.4,0.25,Potatoes,0.0,9
0.5,0.7,0.4,0.25,Sorghum,0.0,10
0.5,0.7,0.5,0.15,Soybeans,54.72181718855175,1
0.5,0.7,0.5,0.15,Maize,51.45926364400603,2
0.5,0.7,0.5,0.15,Rice,50.37555709502526,3
0.5,0.7,0.5,0.15,Sugarcane,50.22952270172968,4
0.5,0.7,0.5,0.15,Cassava,14.006649556455152,5
0.5,0.7,0.5,0.15,Wheat,0.7642916893452412,6
0.5,0.7,0.5,0.15,Barley,0.0,7
0.5,0.7,0.5,0.15,Millet,0.0,8
0.5,0.7,0.5,0.15,Potatoes,0.0,9
0.5,0.7,0.5,0.15,Sorghum,0.0,10
0.5,0.7,0.5,0.2,Soybeans,54.10835221443882,1
0.5,0.7,0.5,0.2,Maize,50.61467124686153,2
0.5,0.7,0.5,0.2,Rice,49.99816834204519,3
0.5,0.7,0.5,0.2,Sugarcane,49.98665731092602,4
0.5,0.7,0.5,0.2,Cassava,13.754224906545007,5
0.5,0.7,0.5,0.2,Wheat,0.7590396399236682,6
0.5,0.7,0.5,0.2,Barley,0.0,7
0.5,0.7,0.5,0.2,Millet,0.0,8
0.5,0.7,0.5,0.2,Potatoes,0.0,9
0.5,0.7,0.5,0.2,Sorghum,0.0,10
0.5,0.7,0.5,0.25,Soybeans,53.740273229971066,1
0.5,0.7,0.5,0.25,Maize,50.10791580857484,2
0.5,0.7,0.5,0.25,Sugarcane,49.84093807644383,3
0.5,0.7,0.5,0.25,Rice,49.771735090257145,4
0.5,0.7,0.5,0.25,Cassava,13.602770116598922,5
0.5,0.7,0.5,0.25,Wheat,0.7558884102707245,6
0.5,0.7,0.5,0.25,Barley,0.0,7
0.5,0.7,0.5,0.25,Millet,0.0,8
0.5,0.7,0.5,0.25,Potatoes,0.0,9
0.5,0.7,0.5,0.25,Sorghum,0.0,10
0.5,0.7,0.6,0.15,Soybeans,51.7427694644029,1
0.5,0.7,0.6,0.15,Maize,49.03175626180618,2
0.5,0.7,0.6,0.15,Rice,48.171832459518896,3
0.5,0.7,0.6,0.15,Sugarcane,47.36334210333804,4
0.5,0.7,0.6,0.15,Cassava,13.565160797098184,5
0.5,0.7,0.6,0.15,Wheat,0.7402068842914687,6
0.5,0.7,0.6,0.15,Barley,0.0,7
0.5,0.7,0.6,0.15,Millet,0.0,8
0.5,0.7,0.6,0.15,Potatoes,0.0,9
0.5,0.7,0.6,0.15,Sorghum,0.0,10
0.5,0.7,0.6,0.2,Soybeans,51.12930449028996,1
0.5,0.7,0.6,0.2,Maize,48.18716386466169,2
0.5,0.7,0.6,0.2,Rice,47.79444370653882,3
0.5,0.7,0.6,0.2,Sugarcane,47.12047671253438,4
0.5,0.7,0.6,0.2,Cassava,13.312736147188042,5
0.5,0.7,0.6,0.2,Wheat,0.734954834869896,6
0.5,0.7,0.6,0.2,Barley,0.0,7
0.5,0.7,0.6,0.2,Millet,0.0,8
0.5,0.7,0.6,0.2,Potatoes,0.0,9
0.5,0.7,0.6,0.2,Sorghum,0.0,10
0.5,0.7,0.6,0.25,Soybeans,50.76122550582221,1
0.5,0.7,0.6,0.25,Maize,47.68040842637499,2
0.5,0.7,0.6,0.25,Rice,47.568010454750784,3
0.5,0.7,0.6,0.25,Sugarcane,46.97475747805219,4
0.5,0.7,0.6,0.25,Cassava,13.161281357241954,5
0.5,0.7,0.6,0.25,Wheat,0.7318036052169522,6
0.5,0.7,0.6,0.25,Barley,0.0,7
0.5,0.7,0.6,0.25,Millet,0.0,8
0.5,0.7,0.6,0.25,Potatoes,0.0,9
0.5,0.7,0.6,0.25,Sorghum,0.0,10
0.6,0.3,0.4,0.15,Soybeans,53.51335204355045,1
0.6,0.3,0.4,0.15,Maize,52.767471453296125,2
0.6,0.3,0.4,0.15,Rice,51.25694163763342,3
0.6,0.3,0.4,0.15,Sugarcane,47.65674665737738,4
0.6,0.3,0.4,0.15,Cassava,15.437649609911462,5
0.6,0.3,0.4,0.15,Wheat,0.8196772518038801,6
0.6,0.3,0.4,0.15,Barley,0.0,7
0.6,0.3,0.4,0.15,Millet,0.0,8
0.6,0.3,0.4,0.15,Potatoes,0.0,9
0.6,0.3,0.4,0.15,Sorghum,0.0,10
0.6,0.3,0.4,0.2,Soybeans,52.36821742520631,1
0.6,0.3,0.4,0.2,Maize,51.19089897862641,2
0.6,0.3,0.4,0.2,Rice,50.55248263207062,3
0.6,0.3,0.4,0.2,Sugarcane,47.20339792787722,4
0.6,0.3,0.4,0.2,Cassava,14.966456930079193,5
0.6,0.3,0.4,0.2,Wheat,0.8098734262169441,6
0.6,0.3,0.4,0.2,Barley,0.0,7
0.6,0.3,0.4,0.2,Millet,0.0,8
0.6,0.3,0.4,0.2,Potatoes,0.0,9
0.6,0.3,0.4,0.2,Sorghum,0.0,10
0.6,0.3,0.4,0.25,Soybeans,51.681136654199825,1
0.6,0.3,0.4,0.25,Maize,50.24495549382457,2
0.6,0.3,0.4,0.25,Rice,50.12980722873294,3
0.6,0.3,0.4,0.25,Sugarcane,46.93138869017713,4
0.6,0.3,0.4,0.25,Cassava,14.683741322179833,5
0.6,0.3,0.4,0.25,Wheat,0.8039911308647825,6
0.6,0.3,0.4,0.25,Barley,0.0,7
0.6,0.3,0.4,0.25,Millet,0.0,8
0.6,0.3,0.4,0.25,Potatoes,0.0,9
0.6,0.3,0.4,0.25,Sorghum,0.0,10
0.6,0.3,0.5,0.15,Soybeans,51.98127035684532,1
0.6,0.3,0.5,0.15,Maize,51.51903908530763,2
0.6,0.3,0.5,0.15,Rice,50.12359753937301,3
0.6,0.3,0.5,0.15,Sugarcane,46.182710921061684,4
0.6,0.3,0.5,0.15,Cassava,15.21059824795645,5
0.6,0.3,0.5,0.15,Wheat,0.8072907806333686,6
0.6,0.3,0.5,0.15,Barley,0.0,7
0.6,0.3,0.5,0.15,Millet,0.0,8
0.6,0.3,0.5,0.15,Potatoes,0.0,9
0.6,0.3,0.5,0.15,Sorghum,0.0,10
0.6,0.3,0.5,0.2,Soybeans,50.836135738501184,1
0.6,0.3,0.5,0.2,Maize,49.942466610637915,2
0.6,0.3,0.5,0.2,Rice,49.419138533810205,3
0.6,0.3,0.5,0.2,Sugarcane,45.72936219156152,4
0.6,0.3,0.5,0.2,Cassava,14.739405568124182,5
0.6,0.3,0.5,0.2,Wheat,0.7974869550464325,6
0.6,0.3,0.5,0.2,Barley,0.0,7
0.6,0.3,0.5,0.2,Millet,0.0,8
0.6,0.3,0.5,0.2,Potatoes,0.0,9
0.6,0.3,0.5,0.2,Sorghum,0.0,10
0.6,0.3,0.5,0.25,Soybeans,50.1490549674947,1
0.6,0.3,0.5,0.25,Maize,48.99652312583608,2
0.6,0.3,0.5,0.25,Rice,48.99646313047253,3
0.6,0.3,0.5,0.25,Sugarcane,45.457352953861424,4
0.6,0.3,0.5,0.25,Cassava,14.456689960224823,5
0.6,0.3,0.5,0.25,Wheat,0.791604659694271,6
0.6,0.3,0.5,0.25,Barley,0.0,7
0.6,0.3,0.5,0.25,Millet,0.0,8
0.6,0.3,0.5,0.25,Potatoes,0.0,9
0.6,0.3,0.5,0.25,Sorghum,0.0,10
0.6,0.3,0.6,0.15,Soybeans,50.95988256570857,1
0.6,0.3,0.6,0.15,Maize,50.686750839981976,2
0.6,0.3,0.6,0.15,Rice,49.36803480719939,3
0.6,0.3,0.6,0.15,Sugarcane,45.200020430184544,4
0.6,0.3,0.6,0.15,Cassava,15.059230673319776,5
0.6,0.3,0.6,0.15,Wheat,0.7990331331863609,6
0.6,0.3,0.6,0.15,Barley,0.0,7
0.6,0.3,0.6,0.15,Millet,0.0,8
0.6,0.3,0.6,0.15,Potatoes,0.0,9
0.6,0.3,0.6,0.15,Sorghum,0.0,10
0.6,0.3,0.6,0.2,Soybeans,49.81474794736443,1
0.6,0.3,0.6,0.2,Maize,49.110178365312244,2
0.6,0.3,0.6,0.2,Rice,48.6635758016366,3
0.6,0.3,0.6,0.2,Sugarcane,44.74667170068438,4
0.6,0.3,0.6,0.2,Cassava,14.588037993487509,5
0.6,0.3,0.6,0.2,Wheat,0.7892293075994248,6
0.6,0.3,0.6,0.2,Barley,0.0,7
0.6,0.3,0.6,0.2,Millet,0.0,8
0.6,0.3,0.6,0.2,Potatoes,0.0,9
0.6,0.3,0.6,0.2,Sorghum,0.0,10
0.6,0.3,0.6,0.25,Soybeans,49.127667176357946,1
0.6,0.3,0.6,0.25,Rice,48.24090039829892,2
0.6,0.3,0.6,0.25,Maize,48.16423488051041,3
0.6,0.3,0.6,0.25,Sugarcane,44.47466246298429,4
0.6,0.3,0.6,0.25,Cassava,14.305322385588148,5
0.6,0.3,0.6,0.25,Wheat,0.7833470122472633,6
0.6,0.3,0.6,0.25,Barley,0.0,7
0.6,0.3,0.6,0.25,Millet,0.0,8
0.6,0.3,0.6,0.25,Potatoes,0.0,9
0.6,0.3,0.6,0.25,Sorghum,0.0,10
0.6,0.4,0.4,0.15,Soybeans,55.412458882338534,1
0.6,0.4,0.4,0.15,Maize,53.947293509656156,2
0.6,0.4,0.4,0.15,Rice,52.743300464888705,3
0.6,0.4,0.4,0.15,Sugarcane,49.85441646771299,4
0.6,0.4,0.4,0.15,Cassava,15.546815586598992,5
0.6,0.4,0.4,0.15,Wheat,0.8347191843717215,6
0.6,0.4,0.4,0.15,Barley,0.0,7
0.6,0.4,0.4,0.15,Millet,0.0,8
0.6,0.4,0.4,0.15,Potatoes,0.0,9
0.6,0.4,0.4,0.15,Sorghum,0.0,10
0.6,0.4,0.4,0.2,Soybeans,54.43091492375785,1
0.6,0.4,0.4,0.2,Maize,52.59594567422496,2
0.6,0.4,0.4,0.2,Rice,52.13947846012059,3
0.6,0.4,0.4,0.2,Sugarcane,49.465831842427136,4
0.6,0.4,0.4,0.2,Cassava,15.142936146742766,5
0.6,0.4,0.4,0.2,Wheat,0.8263159052972049,6
0.6,0.4,0.4,0.2,Barley,0.0,7
0.6,0.4,0.4,0.2,Millet,0.0,8
0.6,0.4,0.4,0.2,Potatoes,0.0,9
0.6,0.4,0.4,0.2,Sorghum,0.0,10
0.6,0.4,0.4,0.25,Soybeans,53.84198854860943,1
0.6,0.4,0.4,0.25,Maize,51.78513697296625,2
0.6,0.4,0.4,0.25,Rice,51.777185257259724,3
0.6,0.4,0.4,0.25,Sugarcane,49.232681067255626,4
0.6,0.4,0.4,0.25,Cassava,14.900608482829028,5
0.6,0.4,0.4,0.25,Wheat,0.8212739378524949,6
0.6,0.4,0.4,0.25,Barley,0.0,7
0.6,0.4,0.4,0.25,Millet,0.0,8
0.6,0.4,0.4,0.25,Potatoes,0.0,9
0.6,0.4,0.4,0.25,Sorghum,0.0,10
0.6,0.4,0.5,0.15,Soybeans,53.369683300065034,1
0.6,0.4,0.5,0.15,Maize,52.28271701900483,2
0.6,0.4,0.5,0.15,Rice,51.23217500054149,3
0.6,0.4,0.5,0.15,Sugarcane,47.889035485958715,4
0.6,0.4,0.5,0.15,Cassava,15.244080437325644,5
0.6,0.4,0.5,0.15,Wheat,0.8182038894777063,6
0.6,0.4,0.5,0.15,Barley,0.0,7
0.6,0.4,0.5,0.15,Millet,0.0,8
0.6,0.4,0.5,0.15,Potatoes,0.0,9
0.6,0.4,0.5,0.15,Sorghum,0.0,10
0.6,0.4,0.5,0.2,Soybeans,52.38813934148434,1
0.6,0.4,0.5,0.2,Maize,50.931369183573636,2
0.6,0.4,0.5,0.2,Rice,50.62835299577337,3
0.6,0.4,0.5,0.2,Sugarcane,47.50045086067286,4
0.6,0.4,0.5,0.2,Cassava,14.840200997469418,5
0.6,0.4,0.5,0.2,Wheat,0.8098006104031896,6
0.6,0.4,0.5,0.2,Barley,0.0,7
0.6,0.4,0.5,0.2,Millet,0.0,8
0.6,0.4,0.5,0.2,Potatoes,0.0,9
0.6,0.4,0.5,0.2,Sorghum,0.0,10
0.6,0.4,0.5,0.25,Soybeans,51.79921296633593,1
0.6,0.4,0.5,0.25,Rice,50.2660597929125,2
0.6,0.4,0.5,0.25,Maize,50.12056048231492,3
0.6,0.4,0.5,0.25,Sugarcane,47.267300085501354,4
0.6,0.4,0.5,0.25,Cassava,14.59787333355568,5
0.6,0.4,0.5,0.25,Wheat,0.8047586429584797,6
0.6,0.4,0.5,0.25,Barley,0.0,7
0.6,0.4,0.5,0.25,Millet,0.0,8
0.6,0.4,0.5,0.25,Potatoes,0.0,9
0.6,0.4,0.5,0.25,Sorghum,0.0,10
0.6,0.4,0.6,0.15,Soybeans,52.007832911882694,1
0.6,0.4,0.6,0.15,Maize,51.17299935857062,2
0.6,0.4,0.6,0.15,Rice,50.224758024310006,3
0.6,0.4,0.6,0.15,Sugarcane,46.57878149812254,4
0.6,0.4,0.6,0.15,Cassava,15.042257004476747,5
0.6,0.4,0.6,0.15,Wheat,0.807193692881696,6
0.6,0.4,0.6,0.15,Barley,0.0,7
0.6,0.4,0.6,0.15,Millet,0.0,8
0.6,0.4,0.6,0.15,Potatoes,0.0,9
0.6,0.4,0.6,0.15,Sorghum,0.0,10
0.6,0.4,0.6,0.2,Soybeans,51.026288953302,1
0.6,0.4,0.6,0.2,Maize,49.82165152313942,2
0.6,0.4,0.6,0.2,Rice,49.62093601954189,3
0.6,0.4,0.6,0.2,Sugarcane,46.19019687283669,4
0.6,0.4,0.6,0.2,Cassava,14.638377564620518,5
0.6,0.4,0.6,0.2,Wheat,0.7987904138071794,6
0.6,0.4,0.6,0.2,Barley,0.0,7
0.6,0.4,0.6,0.2,Millet,0.0,8
0.6,0.4,0.6,0.2,Potatoes,0.0,9
0.6,0.4,0.6,0.2,Sorghum,0.0,10
0.6,0.4,0.6,0.25,Soybeans,50.43736257815359,1
0.6,0.4,0.6,0.25,Rice,49.25864281668102,2
0.6,0.4,0.6,0.25,Maize,49.01084282188071,3
0.6,0.4,0.6,0.25,Sugarcane,45.95704609766517,4
0.6,0.4,0.6,0.25,Cassava,14.39604990070678,5
0.6,0.4,0.6,0.25,Wheat,0.7937484463624694,6
0.6,0.4,0.6,0.25,Barley,0.0,7
0.6,0.4,0.6,0.25,Millet,0.0,8
0.6,0.4,0.6,0.25,Potatoes,0.0,9
0.6,0.4,0.6,0.25,Sorghum,0.0,10
0.6,0.5,0.4,0.15,Soybeans,57.31156572112662,1
0.6,0.5,0.4,0.15,Maize,55.12711556601618,2
0.6,0.5,0.4,0.15,Rice,54.229659292144,3
0.6,0.5,0.4,0.15,Sugarcane,52.05208627804859,4
0.6,0.5,0.4,0.15,Cassava,15.655981563286527,5
0.6,0.5,0.4,0.15,Wheat,0.849761116939563,6
0.6,0.5,0.4,0.15,Barley,0.0,7
0.6,0.5,0.4,0.15,Millet,0.0,8
0.6,0.5,0.4,0.15,Potatoes,0.0,9
0.6,0.5,0.4,0.15,Sorghum,0.0,10
0.6,0.5,0.4,0.2,Soybeans,56.493612422309376,1
0.6,0.5,0.4,0.2,Maize,54.000992369823514,2
0.6,0.5,0.4,0.2,Rice,53.726474288170564,3
0.6,0.5,0.4,0.2,Sugarcane,51.72826575697705,4
0.6,0.5,0.4,0.2,Cassava,15.319415363406335,5
0.6,0.5,0.4,0.2,Wheat,0.8427583843774659,6
0.6,0.5,0.4,0.2,Barley,0.0,7
0.6,0.5,0.4,0.2,Millet,0.0,8
0.6,0.5,0.4,0.2,Potatoes,0.0,9
0.6,0.5,0.4,0.2,Sorghum,0.0,10
0.6,0.5,0.4,0.25,Soybeans,56.002840443019025,1
0.6,0.5,0.4,0.25,Rice,53.424563285786505,2
0.6,0.5,0.4,0.25,Maize,53.32531845210792,3
0.6,0.5,0.4,0.25,Sugarcane,51.53397344433412,4
0.6,0.5,0.4,0.25,Cassava,15.11747564347822,5
0.6,0.5,0.4,0.25,Wheat,0.8385567448402075,6
0.6,0.5,0.4,0.25,Barley,0.0,7
0.6,0.5,0.4,0.25,Millet,0.0,8
0.6,0.5,0.4,0.25,Potatoes,0.0,9
0.6,0.5,0.4,0.25,Sorghum,0.0,10
0.6,0.5,0.5,0.15,Soybeans,54.75809624328473,1
0.6,0.5,0.5,0.15,Maize,53.04639495270202,2
0.6,0.5,0.5,0.15,Rice,52.34075246170996,3
0.6,0.5,0.5,0.15,Sugarcane,49.59536005085575,4
0.6,0.5,0.5,0.15,Cassava,15.277562626694841,5
0.6,0.5,0.5,0.15,Wheat,0.8291169983220438,6
0.6,0.5,0.5,0.15,Barley,0.0,7
0.6,0.5,0.5,0.15,Millet,0.0,8
0.6,0.5,0.5,0.15,Potatoes,0.0,9
0.6,0.5,0.5,0.15,Sorghum,0.0,10
0.6,0.5,0.5,0.2,Soybeans,53.940142944467496,1
0.6,0.5,0.5,0.2,Maize,51.920271756509365,2
0.6,0.5,0.5,0.2,Rice,51.83756745773654,3
0.6,0.5,0.5,0.2,Sugarcane,49.271539529784214,4
0.6,0.5,0.5,0.2,Cassava,14.940996426814651,5
0.6,0.5,0.5,0.2,Wheat,0.8221142657599467,6
0.6,0.5,0.5,0.2,Barley,0.0,7
0.6,0.5,0.5,0.2,Millet,0.0,8
0.6,0.5,0.5,0.2,Potatoes,0.0,9
0.6,0.5,0.5,0.2,Sorghum,0.0,10
0.6,0.5,0.5,0.25,Soybeans,53.44937096517715,1
0.6,0.5,0.5,0.25,Rice,51.53565645535247,2
0.6,0.5,0.5,0.25,Maize,51.244597838793766,3
0.6,0.5,0.5,0.25,Sugarcane,49.077247217141284,4
0.6,0.5,0.5,0.25,Cassava,14.739056706886537,5
0.6,0.5,0.5,0.25,Wheat,0.8179126262226883,6
0.6,0.5,0.5,0.25,Barley,0.0,7
0.6,0.5,0.5,0.25,Millet,0.0,8
0.6,0.5,0.5,0.25,Potatoes,0.0,9
0.6,0.5,0.5,0.25,Sorghum,0.0,10
0.6,0.5,0.6,0.15,Soybeans,53.05578325805682,1
0.6,0.5,0.6,0.15,Maize,51.65924787715926,2
0.6,0.5,0.6,0.15,Rice,51.08148124142061,3
0.6,0.5,0.6,0.15,Sugarcane,47.957542566060525,4
0.6,0.5,0.6,0.15,Cassava,15.025283335633718,5
0.6,0.5,0.6,0.15,Wheat,0.815354252577031,6
0.6,0.5,0.6,0.15,Barley,0.0,7
0.6,0.5,0.6,0.15,Millet,0.0,8
0.6,0.5,0.6,0.15,Potatoes,0.0,9
0.6,0.5,0.6,0.15,Sorghum,0.0,10
0.6,0.5,0.6,0.2,Soybeans,52.237829959239576,1
0.6,0.5,0.6,0.2,Rice,50.578296237447184,2
0.6,0.5,0.6,0.2,Maize,50.533124680966594,3
0.6,0.5,0.6,0.2,Sugarcane,47.633722044988986,4
0.6,0.5,0.6,0.2,Cassava,14.688717135753528,5
0.6,0.5,0.6,0.2,Wheat,0.8083515200149338,6
0.6,0.5,0.6,0.2,Barley,0.0,7
0.6,0.5,0.6,0.2,Millet,0.0,8
0.6,0.5,0.6,0.2,Potatoes,0.0,9
0.6,0.5,0.6,0.2,Sorghum,0.0,10
0.6,0.5,0.6,0.25,Soybeans,51.74705797994923,1
0.6,0.5,0.6,0.25,Rice,50.276385235063124,2
0.6,0.5,0.6,0.25,Maize,49.857450763250995,3
0.6,0.5,0.6,0.25,Sugarcane,47.439429732346056,4
0.6,0.5,0.6,0.25,Cassava,14.486777415825413,5
0.6,0.5,0.6,0.25,Wheat,0.8041498804776757,6
0.6,0.5,0.6,0.25,Barley,0.0,7
0.6,0.5,0.6,0.25,Millet,0.0,8
0.6,0.5,0.6,0.25,Potatoes,0.0,9
0.6,0.5,0.6,0.25,Sorghum,0.0,10
0.6,0.6,0.4,0.15,Soybeans,59.2106725599147,1
0.6,0.6,0.4,0.15,Maize,56.3069376223762,2
0.6,0.6,0.4,0.15,Rice,55.71601811939927,3
0.6,0.6,0.4,0.15,Sugarcane,54.249756088384196,4
0.6,0.6,0.4,0.15,Cassava,15.765147539974059,5
0.6,0.6,0.4,0.15,Wheat,0.8648030495074044,6
0.6,0.6,0.4,0.15,Barley,0.0,7
0.6,0.6,0.4,0.15,Millet,0.0,8
0.6,0.6,0.4,0.15,Potatoes,0.0,9
0.6,0.6,0.4,0.15,Sorghum,0.0,10
0.6,0.6,0.4,0.2,Soybeans,58.556309920860905,1
0.6,0.6,0.4,0.2,Maize,55.40603906542207,2
0.6,0.6,0.4,0.2,Rice,55.31347011622053,3
0.6,0.6,0.4,0.2,Sugarcane,53.99069967152696,4
0.6,0.6,0.4,0.2,Cassava,15.495894580069907,5
0.6,0.6,0.4,0.2,Wheat,0.8592008634577267,6
0.6,0.6,0.4,0.2,Barley,0.0,7
0.6,0.6,0.4,0.2,Millet,0.0,8
0.6,0.6,0.4,0.2,Potatoes,0.0,9
0.6,0.6,0.4,0.2,Sorghum,0.0,10
0.6,0.6,0.4,0.25,Soybeans,58.163692337428635,1
0.6,0.6,0.4,0.25,Rice,55.071941314313285,2
0.6,0.6,0.4,0.25,Maize,54.865499931249595,3
0.6,0.6,0.4,0.25,Sugarcane,53.83526582141261,4
0.6,0.6,0.4,0.25,Cassava,15.334342804127415,5
0.6,0.6,0.4,0.25,Wheat,0.85583955182792,6
0.6,0.6,0.4,0.25,Barley,0.0,7
0.6,0.6,0.4,0.25,Millet,0.0,8
0.6,0.6,0.4,0.25,Potatoes,0.0,9
0.6,0.6,0.4,0.25,Sorghum,0.0,10
0.6,0.6,0.5,0.15,Soybeans,56.146509186504446,1
0.6,0.6,0.5,0.15,Maize,53.81007288639922,2
0.6,0.6,0.5,0.15,Rice,53.44932992287844,3
0.6,0.6,0.5,0.15,Sugarcane,51.301684615752784,4
0.6,0.6,0.5,0.15,Cassava,15.311044816064038,5
0.6,0.6,0.5,0.15,Wheat,0.8400301071663815,6
0.6,0.6,0.5,0.15,Barley,0.0,7
0.6,0.6,0.5,0.15,Millet,0.0,8
0.6,0.6,0.5,0.15,Potatoes,0.0,9
0.6,0.6,0.5,0.15,Sorghum,0.0,10
0.6,0.6,0.5,0.2,Soybeans,55.49214654745065,1
0.6,0.6,0.5,0.2,Rice,53.046781919699704,2
0.6,0.6,0.5,0.2,Maize,52.909174329445094,3
0.6,0.6,0.5,0.2,Sugarcane,51.04262819889555,4
0.6,0.6,0.5,0.2,Cassava,15.041791856159884,5
0.6,0.6,0.5,0.2,Wheat,0.8344279211167037,6
0.6,0.6,0.5,0.2,Barley,0.0,7
0.6,0.6,0.5,0.2,Millet,0.0,8
0.6,0.6,0.5,0.2,Potatoes,0.0,9
0.6,0.6,0.5,0.2,Sorghum,0.0,10
0.6,0.6,0.5,0.25,Soybeans,55.09952896401838,1
0.6,0.6,0.5,0.25,Rice,52.805253117792454,2
0.6,0.6,0.5,0.25,Maize,52.36863519527262,3
0.6,0.6,0.5,0.25,Sugarcane,50.887194348781215,4
0.6,0.6,0.5,0.25,Cassava,14.880240080217394,5
0.6,0.6,0.5,0.25,Wheat,0.8310666094868971,6
0.6,0.6,0.5,0.25,Barley,0.0,7
0.6,0.6,0.5,0.25,Millet,0.0,8
0.6,0.6,0.5,0.25,Potatoes,0.0,9
0.6,0.6,0.5,0.25,Sorghum,0.0,10
0.6,0.6,0.6,0.15,Soybeans,54.103733604230946,1
0.6,0.6,0.6,0.15,Maize,52.14549639574789,2
0.6,0.6,0.6,0.15,Rice,51.938204458531224,3
0.6,0.6,0.6,0.15,Sugarcane,49.33630363399852,4
0.6,0.6,0.6,0.15,Cassava,15.008309666790687,5
0.6,0.6,0.6,0.15,Wheat,0.8235148122723661,6
0.6,0.6,0.6,0.15,Barley,0.0,7
0.6,0.6,0.6,0.15,Millet,0.0,8
0.6,0.6,0.6,0.15,Potatoes,0.0,9
0.6,0.6,0.6,0.15,Sorghum,0.0,10
0.6,0.6,0.6,0.2,Soybeans,53.44937096517715,1
0.6,0.6,0.6,0.2,Rice,51.53565645535247,2
0.6,0.6,0.6,0.2,Maize,51.244597838793766,3
0.6,0.6,0.6,0.2,Sugarcane,49.077247217141284,4
0.6,0.6,0.6,0.2,Cassava,14.739056706886537,5
0.6,0.6,0.6,0.2,Wheat,0.8179126262226883,6
0.6,0.6,0.6,0.2,Barley,0.0,7
0.6,0.6,0.6,0.2,Millet,0.0,8
0.6,0.6,0.6,0.2,Potatoes,0.0,9
0.6,0.6,0.6,0.2,Sorghum,0.0,10
0.6,0.6,0.6,0.25,Soybeans,53.05675338174487,1
0.6,0.6,0.6,0.25,Rice,51.29412765344523,2
0.6,0.6,0.6,0.25,Maize,50.70405870462129,3
0.6,0.6,0.6,0.25,Sugarcane,48.92181336702694,4
0.6,0.6,0.6,0.25,Cassava,14.577504930944047,5
0.6,0.6,0.6,0.25,Wheat,0.8145513145928817,6
0.6,0.6,0.6,0.25,Barley,0.0,7
0.6,0.6,0.6,0.25,Millet,0.0,8
0.6,0.6,0.6,0.25,Potatoes,0.0,9
0.6,0.6,0.6,0.25,Sorghum,0.0,10
0.6,0.7,0.4,0.15,Soybeans,61.109779398702784,1
0.6,0.7,0.4,0.15,Maize,57.48675967873623,2
0.6,0.7,0.4,0.15,Rice,57.20237694665457,3
0.6,0.7,0.4,0.15,Sugarcane,56.44742589871979,4
0.6,0.7,0.4,0.15,Cassava,15.874313516661593,5
0.6,0.7,0.4,0.15,Wheat,0.8798449820752459,6
0.6,0.7,0.4,0.15,Barley,0.0,7
0.6,0.7,0.4,0.15,Millet,0.0,8
0.6,0.7,0.4,0.15,Potatoes,0.0,9
0.6,0.7,0.4,0.15,Sorghum,0.0,10
0.6,0.7,0.4,0.2,Soybeans,60.61900741941243,1
0.6,0.7,0.4,0.2,Rice,56.9004659442705,2
0.6,0.7,0.4,0.2,Maize,56.811085761020635,3
0.6,0.7,0.4,0.2,Sugarcane,56.25313358607687,4
0.6,0.7,0.4,0.2,Cassava,15.672373796733478,5
0.6,0.7,0.4,0.2,Wheat,0.8756433425379876,6
0.6,0.7,0.4,0.2,Barley,0.0,7
0.6,0.7,0.4,0.2,Millet,0.0,8
0.6,0.7,0.4,0.2,Potatoes,0.0,9
0.6,0.7,0.4,0.2,Sorghum,0.0,10
0.6,0.7,0.4,0.25,Soybeans,60.324544231838225,1
0.6,0.7,0.4,0.25,Rice,56.719319342840066,2
0.6,0.7,0.4,0.25,Maize,56.405681410391274,3
0.6,0.7,0.4,0.25,Sugarcane,56.13655819849111,4
0.6,0.7,0.4,0.25,Cassava,15.551209964776609,5
0.6,0.7,0.4,0.25,Wheat,0.8731223588156326,6
0.6,0.7,0.4,0.25,Barley,0.0,7
0.6,0.7,0.4,0.25,Millet,0.0,8
0.6,0.7,0.4,0.25,Potatoes,0.0,9
0.6,0.7,0.4,0.25,Sorghum,0.0,10
0.6,0.7,0.5,0.15,Soybeans,57.53492212972416,1
0.6,0.7,0.5,0.15,Maize,54.573750820096414,2
0.6,0.7,0.5,0.15,Rice,54.55790738404692,3
0.6,0.7,0.5,0.15,Sugarcane,53.00800918064982,4
0.6,0.7,0.5,0.15,Cassava,15.344527005433232,5
0.6,0.7,0.5,0.15,Wheat,0.8509432160107191,6
0.6,0.7,0.5,0.15,Barley,0.0,7
0.6,0.7,0.5,0.15,Millet,0.0,8
0.6,0.7,0.5,0.15,Potatoes,0.0,9
0.6,0.7,0.5,0.15,Sorghum,0.0,10
0.6,0.7,0.5,0.2,Soybeans,57.04415015043381,1
0.6,0.7,0.5,0.2,Rice,54.25599638166286,2
0.6,0.7,0.5,0.2,Maize,53.898076902380815,3
0.6,0.7,0.5,0.2,Sugarcane,52.81371686800689,4
0.6,0.7,0.5,0.2,Cassava,15.142587285505117,5
0.6,0.7,0.5,0.2,Wheat,0.8467415764734608,6
0.6,0.7,0.5,0.2,Barley,0.0,7
0.6,0.7,0.5,0.2,Millet,0.0,8
0.6,0.7,0.5,0.2,Potatoes,0.0,9
0.6,0.7,0.5,0.2,Sorghum,0.0,10
0.6,0.7,0.5,0.25,Soybeans,56.749686962859606,1
0.6,0.7,0.5,0.25,Rice,54.07484978023243,2
0.6,0.7,0.5,0.25,Maize,53.492672551751454,3
0.6,0.7,0.5,0.25,Sugarcane,52.69714148042114,4
0.6,0.7,0.5,0.25,Cassava,15.02142345354825,5
0.6,0.7,0.5,0.25,Wheat,0.8442205927511058,6
0.6,0.7,0.5,0.25,Barley,0.0,7
0.6,0.7,0.5,0.25,Millet,0.0,8
0.6,0.7,0.5,0.25,Potatoes,0.0,9
0.6,0.7,0.5,0.25,Sorghum,0.0,10
0.6,0.7,0.6,0.15,Soybeans,55.15168395040507,1
0.6,0.7,0.6,0.15,Rice,52.79492767564183,2
0.6,0.7,0.6,0.15,Maize,52.63174491433654,3
0.6,0.7,0.6,0.15,Sugarcane,50.715064701936505,4
0.6,0.7,0.6,0.15,Cassava,14.991335997947662,5
0.6,0.7,0.6,0.15,Wheat,0.8316753719677011,6
0.6,0.7,0.6,0.15,Barley,0.0,7
0.6,0.7,0.6,0.15,Millet,0.0,8
0.6,0.7,0.6,0.15,Potatoes,0.0,9
0.6,0.7,0.6,0.15,Sorghum,0.0,10
0.6,0.7,0.6,0.2,Soybeans,54.66091197111472,1
0.6,0.7,0.6,0.2,Rice,52.49301667325778,2
0.6,0.7,0.6,0.2,Maize,51.95607099662094,3
0.6,0.7,0.6,0.2,Sugarcane,50.52077238929358,4
0.6,0.7,0.6,0.2,Cassava,14.789396278019547,5
0.6,0.7,0.6,0.2,Wheat,0.827473732430443,6
0.6,0.7,0.6,0.2,Barley,0.0,7
0.6,0.7,0.6,0.2,Millet,0.0,8
0.6,0.7,0.6,0.2,Potatoes,0.0,9
0.6,0.7,0.6,0.2,Sorghum,0.0,10
0.6,0.7,0.6,0.25,Soybeans,54.36644878354051,1
0.6,0.7,0.6,0.25,Rice,52.31187007182734,2
0.6,0.7,0.6,0.25,Maize,51.55066664599158,3
0.6,0.7,0.6,0.25,Sugarcane,50.40419700170783,4
0.6,0.7,0.6,0.25,Cassava,14.668232446062676,5
0.6,0.7,0.6,0.25,Wheat,0.8249527487080879,6
0.6,0.7,0.6,0.25,Barley,0.0,7
0.6,0.7,0.6,0.25,Millet,0.0,8
0.6,0.7,0.6,0.25,Potatoes,0.0,9
0.6,0.7,0.6,0.25,Sorghum,0.0,10
0.7,0.3,0.4,0.15,Soybeans,57.33184950626627,1
0.7,0.3,0.4,0.15,Maize,56.333528471086574,2
0.7,0.3,0.4,0.15,Rice,56.26453336325846,3
0.7,0.3,0.4,0.15,Sugarcane,51.77304876711563,4
0.7,0.3,0.4,0.15,Cassava,16.752246407769984,5
0.7,0.3,0.4,0.15,Wheat,0.9141452695210678,6
0.7,0.3,0.4,0.15,Barley,0.0,7
0.7,0.3,0.4,0.15,Millet,0.0,8
0.7,0.3,0.4,0.15,Potatoes,0.0,9
0.7,0.3,0.4,0.15,Sorghum,0.0,10
0.7,0.3,0.4,0.2,Soybeans,56.47299854250817,1
0.7,0.3,0.4,0.2,Rice,55.73618910908636,2
0.7,0.3,0.4,0.2,Maize,55.151099115084286,3
0.7,0.3,0.4,0.2,Sugarcane,51.43303721999051,4
0.7,0.3,0.4,0.2,Cassava,16.398851897895785,5
0.7,0.3,0.4,0.2,Wheat,0.9067924003308657,6
0.7,0.3,0.4,0.2,Barley,0.0,7
0.7,0.3,0.4,0.2,Millet,0.0,8
0.7,0.3,0.4,0.2,Potatoes,0.0,9
0.7,0.3,0.4,0.2,Sorghum,0.0,10
0.7,0.3,0.4,0.25,Soybeans,55.95768796425331,1
0.7,0.3,0.4,0.25,Rice,55.419182556583095,2
0.7,0.3,0.4,0.25,Maize,54.44164150148291,3
0.7,0.3,0.4,0.25,Sugarcane,51.22903029171544,4
0.7,0.3,0.4,0.25,Cassava,16.186815191971267,5
0.7,0.3,0.4,0.25,Wheat,0.9023806788167446,6
0.7,0.3,0.4,0.25,Barley,0.0,7
0.7,0.3,0.4,0.25,Millet,0.0,8
0.7,0.3,0.4,0.25,Potatoes,0.0,9
0.7,0.3,0.4,0.25,Sorghum,0.0,10
0.7,0.3,0.5,0.15,Soybeans,56.18278824123743,1
0.7,0.3,0.5,0.15,Rice,55.414525289563144,2
0.7,0.3,0.5,0.15,Maize,55.39720419509521,3
0.7,0.3,0.5,0.15,Sugarcane,50.66752196487886,4
0.7,0.3,0.5,0.15,Cassava,16.581957886303726,5
0.7,0.3,0.5,0.15,Wheat,0.9048554161431841,6
0.7,0.3,0.5,0.15,Barley,0.0,7
0.7,0.3,0.5,0.15,Millet,0.0,8
0.7,0.3,0.5,0.15,Potatoes,0.0,9
0.7,0.3,0.5,0.15,Sorghum,0.0,10
0.7,0.3,0.5,0.2,Soybeans,55.323937277479324,1
0.7,0.3,0.5,0.2,Rice,54.88618103539105,2
0.7,0.3,0.5,0.2,Maize,54.21477483909292,3
0.7,0.3,0.5,0.2,Sugarcane,50.327510417753736,4
0.7,0.3,0.5,0.2,Cassava,16.228563376429527,5
0.7,0.3,0.5,0.2,Wheat,0.897502546952982,6
0.7,0.3,0.5,0.2,Barley,0.0,7
0.7,0.3,0.5,0.2,Millet,0.0,8
0.7,0.3,0.5,0.2,Potatoes,0.0,9
0.7,0.3,0.5,0.2,Sorghum,0.0,10
0.7,0.3,0.5,0.25,Soybeans,54.80862669922446,1
0.7,0.3,0.5,0.25,Rice,54.56917448288778,2
0.7,0.3,0.5,0.25,Maize,53.50531722549154,3
0.7,0.3,0.5,0.25,Sugarcane,50.123503489478665,4
0.7,0.3,0.5,0.25,Cassava,16.016526670505005,5
0.7,0.3,0.5,0.25,Wheat,0.8930908254388609,6
0.7,0.3,0.5,0.25,Barley,0.0,7
0.7,0.3,0.5,0.25,Millet,0.0,8
0.7,0.3,0.5,0.25,Potatoes,0.0,9
0.7,0.3,0.5,0.25,Sorghum,0.0,10
0.7,0.3,0.6,0.15,Soybeans,55.41674739788487,1
0.7,0.3,0.6,0.15,Rice,54.84785324043294,2
0.7,0.3,0.6,0.15,Maize,54.77298801110096,3
0.7,0.3,0.6,0.15,Sugarcane,49.930504096721,4
0.7,0.3,0.6,0.15,Cassava,16.46843220532622,5
0.7,0.3,0.6,0.15,Wheat,0.8986621805579283,6
0.7,0.3,0.6,0.15,Barley,0.0,7
0.7,0.3,0.6,0.15,Millet,0.0,8
0.7,0.3,0.6,0.15,Potatoes,0.0,9
0.7,0.3,0.6,0.15,Sorghum,0.0,10
0.7,0.3,0.6,0.2,Soybeans,54.55789643412676,1
0.7,0.3,0.6,0.2,Rice,54.319508986260836,2
0.7,0.3,0.6,0.2,Maize,53.590558655098675,3
0.7,0.3,0.6,0.2,Sugarcane,49.590492549595886,4
0.7,0.3,0.6,0.2,Cassava,16.11503769545202,5
0.7,0.3,0.6,0.2,Wheat,0.8913093113677264,6
0.7,0.3,0.6,0.2,Barley,0.0,7
0.7,0.3,0.6,0.2,Millet,0.0,8
0.7,0.3,0.6,0.2,Potatoes,0.0,9
0.7,0.3,0.6,0.2,Sorghum,0.0,10
0.7,0.3,0.6,0.25,Soybeans,54.0425858558719,1
0.7,0.3,0.6,0.25,Rice,54.00250243375758,2
0.7,0.3,0.6,0.25,Maize,52.881101041497296,3
0.7,0.3,0.6,0.25,Sugarcane,49.386485621320816,4
0.7,0.3,0.6,0.25,Cassava,15.903000989527502,5
0.7,0.3,0.6,0.25,Wheat,0.8868975898536051,6
0.7,0.3,0.6,0.25,Barley,0.0,7
0.7,0.3,0.6,0.25,Millet,0.0,8
0.7,0.3,0.6,0.25,Potatoes,0.0,9
0.7,0.3,0.6,0.25,Sorghum,0.0,10
0.7,0.4,0.4,0.15,Soybeans,58.756179635357334,1
0.7,0.4,0.4,0.15,Rice,57.37930248369992,2
0.7,0.4,0.4,0.15,Maize,57.2183950133566,3
0.7,0.4,0.4,0.15,Sugarcane,53.421301124867334,4
0.7,0.4,0.4,0.15,Cassava,16.834120890285636,5
0.7,0.4,0.4,0.15,Wheat,0.9254267189469488,6
0.7,0.4,0.4,0.15,Barley,0.0,7
0.7,0.4,0.4,0.15,Millet,0.0,8
0.7,0.4,0.4,0.15,Potatoes,0.0,9
0.7,0.4,0.4,0.15,Sorghum,0.0,10
0.7,0.4,0.4,0.2,Soybeans,58.02002166642182,1
0.7,0.4,0.4,0.2,Rice,56.926435980123834,2
0.7,0.4,0.4,0.2,Maize,56.20488413678321,3
0.7,0.4,0.4,0.2,Sugarcane,53.12986265590294,4
0.7,0.4,0.4,0.2,Cassava,16.531211310393463,5
0.7,0.4,0.4,0.2,Wheat,0.9191242596410614,6
0.7,0.4,0.4,0.2,Barley,0.0,7
0.7,0.4,0.4,0.2,Millet,0.0,8
0.7,0.4,0.4,0.2,Potatoes,0.0,9
0.7,0.4,0.4,0.2,Sorghum,0.0,10
0.7,0.4,0.4,0.25,Soybeans,57.57832688506051,1
0.7,0.4,0.4,0.25,Rice,56.65471607797818,2
0.7,0.4,0.4,0.25,Maize,55.59677761083917,3
0.7,0.4,0.4,0.25,Sugarcane,52.95499957452431,4
0.7,0.4,0.4,0.25,Cassava,16.34946556245816,5
0.7,0.4,0.4,0.25,Wheat,0.915342784057529,6
0.7,0.4,0.4,0.25,Barley,0.0,7
0.7,0.4,0.4,0.25,Millet,0.0,8
0.7,0.4,0.4,0.25,Potatoes,0.0,9
0.7,0.4,0.4,0.25,Sorghum,0.0,10
0.7,0.4,0.5,0.15,Soybeans,57.224097948652215,1
0.7,0.4,0.5,0.15,Rice,56.24595838543951,2
0.7,0.4,0.5,0.15,Maize,55.969962645368106,3
0.7,0.4,0.5,0.15,Sugarcane,51.94726538855163,4
0.7,0.4,0.5,0.15,Cassava,16.607069528330623,5
0.7,0.4,0.5,0.15,Wheat,0.9130402477764373,6
0.7,0.4,0.5,0.15,Barley,0.0,7
0.7,0.4,0.5,0.15,Millet,0.0,8
0.7,0.4,0.5,0.15,Potatoes,0.0,9
0.7,0.4,0.5,0.15,Sorghum,0.0,10
0.7,0.4,0.5,0.2,Soybeans,56.487939979716685,1
0.7,0.4,0.5,0.2,Rice,55.79309188186342,2
0.7,0.4,0.5,0.2,Maize,54.956451768794714,3
0.7,0.4,0.5,0.2,Sugarcane,51.65582691958724,4
0.7,0.4,0.5,0.2,Cassava,16.304159948438453,5
0.7,0.4,0.5,0.2,Wheat,0.90673778847055,6
0.7,0.4,0.5,0.2,Barley,0.0,7
0.7,0.4,0.5,0.2,Millet,0.0,8
0.7,0.4,0.5,0.2,Potatoes,0.0,9
0.7,0.4,0.5,0.2,Sorghum,0.0,10
0.7,0.4,0.5,0.25,Soybeans,56.046245198355386,1
0.7,0.4,0.5,0.25,Rice,55.52137197971777,2
0.7,0.4,0.5,0.25,Maize,54.34834524285068,3
0.7,0.4,0.5,0.25,Sugarcane,51.48096383820861,4
0.7,0.4,0.5,0.25,Cassava,16.122414200503147,5
0.7,0.4,0.5,0.25,Wheat,0.9029563128870175,6
0.7,0.4,0.5,0.25,Barley,0.0,7
0.7,0.4,0.5,0.25,Millet,0.0,8
0.7,0.4,0.5,0.25,Potatoes,0.0,9
0.7,0.4,0.5,0.25,Sorghum,0.0,10
0.7,0.4,0.6,0.15,Soybeans,56.20271015751546,1
0.7,0.4,0.6,0.15,Rice,55.49039565326589,2
0.7,0.4,0.6,0.15,Maize,55.13767440004245,3
0.7,0.4,0.6,0.15,Sugarcane,50.964574897674495,4
0.7,0.4,0.6,0.15,Cassava,16.45570195369395,5
0.7,0.4,0.6,0.15,Wheat,0.9047826003294297,6
0.7,0.4,0.6,0.15,Barley,0.0,7
0.7,0.4,0.6,0.15,Millet,0.0,8
0.7,0.4,0.6,0.15,Potatoes,0.0,9
0.7,0.4,0.6,0.15,Sorghum,0.0,10
0.7,0.4,0.6,0.2,Soybeans,55.46655218857994,1
0.7,0.4,0.6,0.2,Rice,55.0375291496898,2
0.7,0.4,0.6,0.2,Maize,54.12416352346905,3
0.7,0.4,0.6,0.2,Sugarcane,50.67313642871011,4
0.7,0.4,0.6,0.2,Cassava,16.152792373801777,5
0.7,0.4,0.6,0.2,Wheat,0.8984801410235421,6
0.7,0.4,0.6,0.2,Barley,0.0,7
0.7,0.4,0.6,0.2,Millet,0.0,8
0.7,0.4,0.6,0.2,Potatoes,0.0,9
0.7,0.4,0.6,0.2,Sorghum,0.0,10
0.7,0.4,0.6,0.25,Soybeans,55.02485740721863,1
0.7,0.4,0.6,0.25,Rice,54.765809247544155,2
0.7,0.4,0.6,0.25,Maize,53.51605699752502,3
0.7,0.4,0.6,0.25,Sugarcane,50.49827334733148,4
0.7,0.4,0.6,0.25,Cassava,15.971046625866476,5
0.7,0.4,0.6,0.25,Wheat,0.8946986654400098,6
0.7,0.4,0.6,0.25,Barley,0.0,7
0.7,0.4,0.6,0.25,Millet,0.0,8
0.7,0.4,0.6,0.25,Potatoes,0.0,9
0.7,0.4,0.6,0.25,Sorghum,0.0,10
0.7,0.5,0.4,0.15,Soybeans,60.1805097644484,1
0.7,0.5,0.4,0.15,Rice,58.49407160414139,2
0.7,0.5,0.4,0.15,Maize,58.10326155562662,3
0.7,0.5,0.4,0.15,Sugarcane,55.069553482619035,4
0.7,0.5,0.4,0.15,Cassava,16.915995372801284,5
0.7,0.5,0.4,0.15,Wheat,0.9367081683728299,6
0.7,0.5,0.4,0.15,Barley,0.0,7
0.7,0.5,0.4,0.15,Millet,0.0,8
0.7,0.5,0.4,0.15,Potatoes,0.0,9
0.7,0.5,0.4,0.15,Sorghum,0.0,10
0.7,0.5,0.4,0.2,Soybeans,59.56704479033547,1
0.7,0.5,0.4,0.2,Rice,58.116682851161315,2
0.7,0.5,0.4,0.2,Maize,57.25866915848212,3
0.7,0.5,0.4,0.2,Sugarcane,54.82668809181538,4
0.7,0.5,0.4,0.2,Cassava,16.66357072289114,5
0.7,0.5,0.4,0.2,Wheat,0.9314561189512571,6
0.7,0.5,0.4,0.2,Barley,0.0,7
0.7,0.5,0.4,0.2,Millet,0.0,8
0.7,0.5,0.4,0.2,Potatoes,0.0,9
0.7,0.5,0.4,0.2,Sorghum,0.0,10
0.7,0.5,0.4,0.25,Soybeans,59.19896580586771,1
0.7,0.5,0.4,0.25,Rice,57.89024959937326,2
0.7,0.5,0.4,0.25,Maize,56.75191372019543,3
0.7,0.5,0.4,0.25,Sugarcane,54.680968857333184,4
0.7,0.5,0.4,0.25,Cassava,16.512115932945058,5
0.7,0.5,0.4,0.25,Wheat,0.9283048892983133,6
0.7,0.5,0.4,0.25,Barley,0.0,7
0.7,0.5,0.4,0.25,Millet,0.0,8
0.7,0.5,0.4,0.25,Potatoes,0.0,9
0.7,0.5,0.4,0.25,Sorghum,0.0,10
0.7,0.5,0.5,0.15,Soybeans,58.265407656067,1
0.7,0.5,0.5,0.15,Rice,57.077391481315864,2
0.7,0.5,0.5,0.15,Maize,56.54272109564101,3
0.7,0.5,0.5,0.15,Sugarcane,53.22700881222441,4
0.7,0.5,0.5,0.15,Cassava,16.632181170357523,5
0.7,0.5,0.5,0.15,Wheat,0.9212250794096905,6
0.7,0.5,0.5,0.15,Barley,0.0,7
0.7,0.5,0.5,0.15,Millet,0.0,8
0.7,0.5,0.5,0.15,Potatoes,0.0,9
0.7,0.5,0.5,0.15,Sorghum,0.0,10
0.7,0.5,0.5,0.2,Soybeans,57.65194268195406,1
0.7,0.5,0.5,0.2,Rice,56.70000272833579,2
0.7,0.5,0.5,0.2,Maize,55.69812869849651,3
0.7,0.5,0.5,0.2,Sugarcane,52.984143421420754,4
0.7,0.5,0.5,0.2,Cassava,16.37975652044738,5
0.7,0.5,0.5,0.2,Wheat,0.9159730299881177,6
0.7,0.5,0.5,0.2,Barley,0.0,7
0.7,0.5,0.5,0.2,Millet,0.0,8
0.7,0.5,0.5,0.2,Potatoes,0.0,9
0.7,0.5,0.5,0.2,Sorghum,0.0,10
0.7,0.5,0.5,0.25,Soybeans,57.283863697486304,1
0.7,0.5,0.5,0.25,Rice,56.473569476547745,2
0.7,0.5,0.5,0.25,Maize,55.19137326020981,3
0.7,0.5,0.5,0.25,Sugarcane,52.83842418693855,4
0.7,0.5,0.5,0.25,Cassava,16.228301730501293,5
0.7,0.5,0.5,0.25,Wheat,0.912821800335174,6
0.7,0.5,0.5,0.25,Barley,0.0,7
0.7,0.5,0.5,0.25,Millet,0.0,8
0.7,0.5,0.5,0.25,Potatoes,0.0,9
0.7,0.5,0.5,0.25,Sorghum,0.0,10
0.7,0.5,0.6,0.15,Soybeans,56.988672917146054,1
0.7,0.5,0.6,0.15,Rice,56.13293806609885,2
0.7,0.5,0.6,0.15,Maize,55.50236078898393,3
0.7,0.5,0.6,0.15,Sugarcane,51.998645698627996,4
0.7,0.5,0.6,0.15,Cassava,16.442971702061676,5
0.7,0.5,0.6,0.15,Wheat,0.910903020100931,6
0.7,0.5,0.6,0.15,Barley,0.0,7
0.7,0.5,0.6,0.15,Millet,0.0,8
0.7,0.5,0.6,0.15,Potatoes,0.0,9
0.7,0.5,0.6,0.15,Sorghum,0.0,10
0.7,0.5,0.6,0.2,Soybeans,56.375207943033125,1
0.7,0.5,0.6,0.2,Rice,55.75554931311878,2
0.7,0.5,0.6,0.2,Maize,54.65776839183943,3
0.7,0.5,0.6,0.2,Sugarcane,51.75578030782434,4
0.7,0.5,0.6,0.2,Cassava,16.190547052151537,5
0.7,0.5,0.6,0.2,Wheat,0.9056509706793581,6
0.7,0.5,0.6,0.2,Barley,0.0,7
0.7,0.5,0.6,0.2,Millet,0.0,8
0.7,0.5,0.6,0.2,Potatoes,0.0,9
0.7,0.5,0.6,0.2,Sorghum,0.0,10
0.7,0.5,0.6,0.25,Soybeans,56.00712895856536,1
0.7,0.5,0.6,0.25,Rice,55.52911606133073,2
0.7,0.5,0.6,0.25,Maize,54.15101295355274,3
0.7,0.5,0.6,0.25,Sugarcane,51.61006107334214,4
0.7,0.5,0.6,0.25,Cassava,16.03909226220545,5
0.7,0.5,0.6,0.25,Wheat,0.9024997410264144,6
0.7,0.5,0.6,0.25,Barley,0.0,7
0.7,0.5,0.6,0.25,Millet,0.0,8
0.7,0.5,0.6,0.25,Potatoes,0.0,9
0.7,0.5,0.6,0.25,Sorghum,0.0,10
0.7,0.6,0.4,0.15,Soybeans,61.60483989353946,1
0.7,0.6,0.4,0.15,Rice,59.60884072458285,2
0.7,0.6,0.4,0.15,Maize,58.98812809789664,3
0.7,0.6,0.4,0.15,Sugarcane,56.71780584037074,4
0.7,0.6,0.4,0.15,Cassava,16.997869855316935,5
0.7,0.6,0.4,0.15,Wheat,0.947989617798711,6
0.7,0.6,0.4,0.15,Barley,0.0,7
0.7,0.6,0.4,0.15,Millet,0.0,8
0.7,0.6,0.4,0.15,Potatoes,0.0,9
0.7,0.6,0.4,0.15,Sorghum,0.0,10
0.7,0.6,0.4,0.2,Soybeans,61.11406791424913,1
0.7,0.6,0.4,0.2,Rice,59.30692972219879,2
0.7,0.6,0.4,0.2,Maize,58.31245418018104,3
0.7,0.6,0.4,0.2,Sugarcane,56.523513527727815,4
0.7,0.6,0.4,0.2,Cassava,16.795930135388822,5
0.7,0.6,0.4,0.2,Wheat,0.9437879782614528,6
0.7,0.6,0.4,0.2,Barley,0.0,7
0.7,0.6,0.4,0.2,Millet,0.0,8
0.7,0.6,0.4,0.2,Potatoes,0.0,9
0.7,0.6,0.4,0.2,Sorghum,0.0,10
0.7,0.6,0.4,0.25,Soybeans,60.81960472667492,1
0.7,0.6,0.4,0.25,Rice,59.12578312076836,2
0.7,0.6,0.4,0.25,Maize,57.90704982955168,3
0.7,0.6,0.4,0.25,Sugarcane,56.40693814014205,4
0.7,0.6,0.4,0.25,Cassava,16.67476630343195,5
0.7,0.6,0.4,0.25,Wheat,0.9412669945390978,6
0.7,0.6,0.4,0.25,Barley,0.0,7
0.7,0.6,0.4,0.25,Millet,0.0,8
0.7,0.6,0.4,0.25,Potatoes,0.0,9
0.7,0.6,0.4,0.25,Sorghum,0.0,10
0.7,0.6,0.5,0.15,Soybeans,59.30671736348177,1
0.7,0.6,0.5,0.15,Rice,57.90882457719223,2
0.7,0.6,0.5,0.15,Maize,57.1154795459139,3
0.7,0.6,0.5,0.15,Sugarcane,54.50675223589718,4
0.7,0.6,0.5,0.15,Cassava,16.65729281238442,5
0.7,0.6,0.5,0.15,Wheat,0.9294099110429438,6
0.7,0.6,0.5,0.15,Barley,0.0,7
0.7,0.6,0.5,0.15,Millet,0.0,8
0.7,0.6,0.5,0.15,Potatoes,0.0,9
0.7,0.6,0.5,0.15,Sorghum,0.0,10
0.7,0.6,0.5,0.2,Soybeans,58.81594538419143,1
0.7,0.6,0.5,0.2,Rice,57.60691357480817,2
0.7,0.6,0.5,0.2,Maize,56.4398056281983,3
0.7,0.6,0.5,0.2,Sugarcane,54.31245992325425,4
0.7,0.6,0.5,0.2,Cassava,16.455353092456303,5
0.7,0.6,0.5,0.2,Wheat,0.9252082715056855,6
0.7,0.6,0.5,0.2,Barley,0.0,7
0.7,0.6,0.5,0.2,Millet,0.0,8
0.7,0.6,0.5,0.2,Potatoes,0.0,9
0.7,0.6,0.5,0.2,Sorghum,0.0,10
0.7,0.6,0.5,0.25,Soybeans,58.52148219661722,1
0.7,0.6,0.5,0.25,Rice,57.42576697337773,2
0.7,0.6,0.5,0.25,Maize,56.034401277568946,3
0.7,0.6,0.5,0.25,Sugarcane,54.1958845356685,4
0.7,0.6,0.5,0.25,Cassava,16.334189260499436,5
0.7,0.6,0.5,0.25,Wheat,0.9226872877833305,6
0.7,0.6,0.5,0.25,Barley,0.0,7
0.7,0.6,0.5,0.25,Millet,0.0,8
0.7,0.6,0.5,0.25,Potatoes,0.0,9
0.7,0.6,0.5,0.25,Sorghum,0.0,10
0.7,0.6,0.6,0.15,Soybeans,57.77463567677665,1
0.7,0.6,0.6,0.15,Rice,56.775480478931804,2
0.7,0.6,0.6,0.15,Maize,55.86704717792541,3
0.7,0.6,0.6,0.15,Sugarcane,53.03271649958148,4
0.7,0.6,0.6,0.15,Cassava,16.430241450429406,5
0.7,0.6,0.6,0.15,Wheat,0.9170234398724323,6
0.7,0.6,0.6,0.15,Barley,0.0,7
0.7,0.6,0.6,0.15,Millet,0.0,8
0.7,0.6,0.6,0.15,Potatoes,0.0,9
0.7,0.6,0.6,0.15,Sorghum,0.0,10
0.7,0.6,0.6,0.2,Soybeans,57.283863697486304,1
0.7,0.6,0.6,0.2,Rice,56.473569476547745,2
0.7,0.6,0.6,0.2,Maize,55.19137326020981,3
0.7,0.6,0.6,0.2,Sugarcane,52.83842418693855,4
0.7,0.6,0.6,0.2,Cassava,16.228301730501293,5
0.7,0.6,0.6,0.2,Wheat,0.912821800335174,6
0.7,0.6,0.6,0.2,Barley,0.0,7
0.7,0.6,0.6,0.2,Millet,0.0,8
0.7,0.6,0.6,0.2,Potatoes,0.0,9
0.7,0.6,0.6,0.2,Sorghum,0.0,10
0.7,0.6,0.6,0.25,Soybeans,56.989400509912095,1
0.7,0.6,0.6,0.25,Rice,56.29242287511731,2
0.7,0.6,0.6,0.25,Maize,54.785968909580454,3
0.7,0.6,0.6,0.25,Sugarcane,52.7218487993528,4
0.7,0.6,0.6,0.25,Cassava,16.107137898544423,5
0.7,0.6,0.6,0.25,Wheat,0.910300816612819,6
0.7,0.6,0.6,0.25,Barley,0.0,7
0.7,0.6,0.6,0.25,Millet,0.0,8
0.7,0.6,0.6,0.25,Potatoes,0.0,9
0.7,0.6,0.6,0.25,Sorghum,0.0,10
0.7,0.7,0.4,0.15,Soybeans,63.029170022630524,1
0.7,0.7,0.4,0.15,Rice,60.72360984502431,2
0.7,0.7,0.4,0.15,Maize,59.87299464016666,3
0.7,0.7,0.4,0.15,Sugarcane,58.36605819812244,4
0.7,0.7,0.4,0.15,Cassava,17.079744337832583,5
0.7,0.7,0.4,0.15,Wheat,0.9592710672245921,6
0.7,0.7,0.4,0.15,Barley,0.0,7
0.7,0.7,0.4,0.15,Millet,0.0,8
0.7,0.7,0.4,0.15,Potatoes,0.0,9
0.7,0.7,0.4,0.15,Sorghum,0.0,10
0.7,0.7,0.4,0.2,Soybeans,62.661091038162766,1
0.7,0.7,0.4,0.2,Rice,60.49717659323627,2
0.7,0.7,0.4,0.2,Maize,59.36623920187996,3
0.7,0.7,0.4,0.2,Sugarcane,58.220338963640245,4
0.7,0.7,0.4,0.2,Cassava,16.9282895478865,5
0.7,0.7,0.4,0.2,Wheat,0.9561198375716484,6
0.7,0.7,0.4,0.2,Barley,0.0,7
0.7,0.7,0.4,0.2,Millet,0.0,8
0.7,0.7,0.4,0.2,Potatoes,0.0,9
0.7,0.7,0.4,0.2,Sorghum,0.0,10
0.7,0.7,0.4,0.25,Soybeans,62.44024364748212,1
0.7,0.7,0.4,0.25,Rice,60.361316642163445,2
0.7,0.7,0.4,0.25,Maize,59.062185938907945,3
0.7,0.7,0.4,0.25,Sugarcane,58.13290742295093,4
0.7,0.7,0.4,0.25,Cassava,16.837416673918845,5
0.7,0.7,0.4,0.25,Wheat,0.9542290997798822,6
0.7,0.7,0.4,0.25,Barley,0.0,7
0.7,0.7,0.4,0.25,Millet,0.0,8
0.7,0.7,0.4,0.25,Potatoes,0.0,9
0.7,0.7,0.4,0.25,Sorghum,0.0,10
0.7,0.7,0.5,0.15,Soybeans,60.34802707089655,1
0.7,0.7,0.5,0.15,Rice,58.74025767306858,2
0.7,0.7,0.5,0.15,Maize,57.68823799618679,3
0.7,0.7,0.5,0.15,Sugarcane,55.78649565956996,4
0.7,0.7,0.5,0.15,Cassava,16.682404454411316,5
0.7,0.7,0.5,0.15,Wheat,0.9375947426761969,6
0.7,0.7,0.5,0.15,Barley,0.0,7
0.7,0.7,0.5,0.15,Millet,0.0,8
0.7,0.7,0.5,0.15,Potatoes,0.0,9
0.7,0.7,0.5,0.15,Sorghum,0.0,10
0.7,0.7,0.5,0.2,Soybeans,59.9799480864288,1
0.7,0.7,0.5,0.2,Rice,58.51382442128054,2
0.7,0.7,0.5,0.2,Maize,57.181482557900104,3
0.7,0.7,0.5,0.2,Sugarcane,55.640776425087765,4
0.7,0.7,0.5,0.2,Cassava,16.53094966446523,5
0.7,0.7,0.5,0.2,Wheat,0.9344435130232532,6
0.7,0.7,0.5,0.2,Barley,0.0,7
0.7,0.7,0.5,0.2,Millet,0.0,8
0.7,0.7,0.5,0.2,Potatoes,0.0,9
0.7,0.7,0.5,0.2,Sorghum,0.0,10
0.7,0.7,0.5,0.25,Soybeans,59.759100695748145,1
0.7,0.7,0.5,0.25,Rice,58.37796447020771,2
0.7,0.7,0.5,0.25,Maize,56.87742929492808,3
0.7,0.7,0.5,0.25,Sugarcane,55.55334488439845,4
0.7,0.7,0.5,0.25,Cassava,16.440076790497578,5
0.7,0.7,0.5,0.25,Wheat,0.932552775231487,6
0.7,0.7,0.5,0.25,Barley,0.0,7
0.7,0.7,0.5,0.25,Millet,0.0,8
0.7,0.7,0.5,0.25,Potatoes,0.0,9
0.7,0.7,0.5,0.25,Sorghum,0.0,10
0.7,0.7,0.6,0.15,Soybeans,58.56059843640724,1
0.7,0.7,0.6,0.15,Rice,57.41802289176476,2
0.7,0.7,0.6,0.15,Maize,56.231733566866886,3
0.7,0.7,0.6,0.15,Sugarcane,54.066787300534976,4
0.7,0.7,0.6,0.15,Cassava,16.417511198797136,5
0.7,0.7,0.6,0.15,Wheat,0.9231438596439336,6
0.7,0.7,0.6,0.15,Barley,0.0,7
0.7,0.7,0.6,0.15,Millet,0.0,8
0.7,0.7,0.6,0.15,Potatoes,0.0,9
0.7,0.7,0.6,0.15,Sorghum,0.0,10
0.7,0.7,0.6,0.2,Soybeans,58.192519451939475,1
0.7,0.7,0.6,0.2,Rice,57.19158963997672,2
0.7,0.7,0.6,0.2,Maize,55.72497812858019,3
0.7,0.7,0.6,0.2,Sugarcane,53.921068066052776,4
0.7,0.7,0.6,0.2,Cassava,16.26605640885105,5
0.7,0.7,0.6,0.2,Wheat,0.9199926299909897,6
0.7,0.7,0.6,0.2,Barley,0.0,7
0.7,0.7,0.6,0.2,Millet,0.0,8
0.7,0.7,0.6,0.2,Potatoes,0.0,9
0.7,0.7,0.6,0.2,Sorghum,0.0,10
0.7,0.7,0.6,0.25,Soybeans,57.97167206125883,1
0.7,0.7,0.6,0.25,Rice,57.05572968890389,2
0.7,0.7,0.6,0.25,Maize,55.42092486560817,3
0.7,0.7,0.6,0.25,Sugarcane,53.83363652536346,4
0.7,0.7,0.6,0.25,Cassava,16.1751835348834,5
0.7,0.7,0.6,0.25,Wheat,0.9181018921992236,6
0.7,0.7,0.6,0.25,Barley,0.0,7
0.7,0.7,0.6,0.25,Millet,0.0,8
0.7,0.7,0.6,0.25,Potatoes,0.0,9
0.7,0.7,0.6,0.25,Sorghum,0.0,10
0.8,0.3,0.4,0.15,Rice,61.2721250888835,1
0.8,0.3,0.4,0.15,Soybeans,61.150346968982106,2
0.8,0.3,0.4,0.15,Maize,59.89958548887704,3
0.8,0.3,0.4,0.15,Sugarcane,55.88935087685389,4
0.8,0.3,0.4,0.15,Cassava,18.066843205628512,5
0.8,0.3,0.4,0.15,Wheat,1.0086132872382554,6
0.8,0.3,0.4,0.15,Barley,0.0,7
0.8,0.3,0.4,0.15,Millet,0.0,8
0.8,0.3,0.4,0.15,Potatoes,0.0,9
0.8,0.3,0.4,0.15,Sorghum,0.0,10
0.8,0.3,0.4,0.2,Rice,60.9198955861021,1
0.8,0.3,0.4,0.2,Soybeans,60.57777965981004,2
0.8,0.3,0.4,0.2,Maize,59.11129925154218,3
0.8,0.3,0.4,0.2,Sugarcane,55.66267651210381,4
0.8,0.3,0.4,0.2,Cassava,17.83124686571238,5
0.8,0.3,0.4,0.2,Wheat,1.0037113744447874,6
0.8,0.3,0.4,0.2,Barley,0.0,7
0.8,0.3,0.4,0.2,Millet,0.0,8
0.8,0.3,0.4,0.2,Potatoes,0.0,9
0.8,0.3,0.4,0.2,Sorghum,0.0,10
0.8,0.3,0.4,0.25,Rice,60.708557884433255,1
0.8,0.3,0.4,0.25,Soybeans,60.234239274306795,2
0.8,0.3,0.4,0.25,Maize,58.63832750914126,3
0.8,0.3,0.4,0.25,Sugarcane,55.526671893253756,4
0.8,0.3,0.4,0.25,Cassava,17.6898890617627,5
0.8,0.3,0.4,0.25,Wheat,1.0007702267687066,6
0.8,0.3,0.4,0.25,Barley,0.0,7
0.8,0.3,0.4,0.25,Millet,0.0,8
0.8,0.3,0.4,0.25,Potatoes,0.0,9
0.8,0.3,0.4,0.25,Sorghum,0.0,10
0.8,0.3,0.5,0.15,Rice,60.705453039753294,1
0.8,0.3,0.5,0.15,Soybeans,60.38430612562954,2
0.8,0.3,0.5,0.15,Maize,59.275369304882794,3
0.8,0.3,0.5,0.15,Sugarcane,55.15233300869603,4
0.8,0.3,0.5,0.15,Cassava,17.95331752465101,5
0.8,0.3,0.5,0.15,Wheat,1.0024200516529997,6
0.8,0.3,0.5,0.15,Barley,0.0,7
0.8,0.3,0.5,0.15,Millet,0.0,8
0.8,0.3,0.5,0.15,Potatoes,0.0,9
0.8,0.3,0.5,0.15,Sorghum,0.0,10
0.8,0.3,0.5,0.2,Rice,60.35322353697189,1
0.8,0.3,0.5,0.2,Soybeans,59.81173881645747,2
0.8,0.3,0.5,0.2,Maize,58.487083067547935,3
0.8,0.3,0.5,0.2,Sugarcane,54.92565864394595,4
0.8,0.3,0.5,0.2,Cassava,17.717721184734874,5
0.8,0.3,0.5,0.2,Wheat,0.9975181388595317,6
0.8,0.3,0.5,0.2,Barley,0.0,7
0.8,0.3,0.5,0.2,Millet,0.0,8
0.8,0.3,0.5,0.2,Potatoes,0.0,9
0.8,0.3,0.5,0.2,Sorghum,0.0,10
0.8,0.3,0.5,0.25,Rice,60.14188583530305,1
0.8,0.3,0.5,0.25,Soybeans,59.46819843095423,2
0.8,0.3,0.5,0.25,Maize,58.01411132514701,3
0.8,0.3,0.5,0.25,Sugarcane,54.789654025095906,4
0.8,0.3,0.5,0.25,Cassava,17.576363380785196,5
0.8,0.3,0.5,0.25,Wheat,0.9945769911834509,6
0.8,0.3,0.5,0.25,Barley,0.0,7
0.8,0.3,0.5,0.25,Millet,0.0,8
0.8,0.3,0.5,0.25,Potatoes,0.0,9
0.8,0.3,0.5,0.25,Sorghum,0.0,10
0.8,0.3,0.6,0.15,Rice,60.32767167366649,1
0.8,0.3,0.6,0.15,Soybeans,59.87361223006116,2
0.8,0.3,0.6,0.15,Maize,58.85922518221996,3
0.8,0.3,0.6,0.15,Sugarcane,54.660987763257474,4
0.8,0.3,0.6,0.15,Cassava,17.87763373733267,5
0.8,0.3,0.6,0.15,Wheat,0.9982912279294959,6
0.8,0.3,0.6,0.15,Barley,0.0,7
0.8,0.3,0.6,0.15,Millet,0.0,8
0.8,0.3,0.6,0.15,Potatoes,0.0,9
0.8,0.3,0.6,0.15,Sorghum,0.0,10
0.8,0.3,0.6,0.2,Rice,59.97544217088509,1
0.8,0.3,0.6,0.2,Soybeans,59.30104492088909,2
0.8,0.3,0.6,0.2,Maize,58.0709389448851,3
0.8,0.3,0.6,0.2,Sugarcane,54.43431339850739,4
0.8,0.3,0.6,0.2,Cassava,17.642037397416537,5
0.8,0.3,0.6,0.2,Wheat,0.9933893151360279,6
0.8,0.3,0.6,0.2,Barley,0.0,7
0.8,0.3,0.6,0.2,Millet,0.0,8
0.8,0.3,0.6,0.2,Potatoes,0.0,9
0.8,0.3,0.6,0.2,Sorghum,0.0,10
0.8,0.3,0.6,0.25,Rice,59.76410446921624,1
0.8,0.3,0.6,0.25,Soybeans,58.95750453538586,2
0.8,0.3,0.6,0.25,Maize,57.597967202484185,3
0.8,0.3,0.6,0.25,Sugarcane,54.29830877965734,4
0.8,0.3,0.6,0.25,Cassava,17.500679593466856,5
0.8,0.3,0.6,0.25,Wheat,0.990448167459947,6
0.8,0.3,0.6,0.25,Barley,0.0,7
0.8,0.3,0.6,0.25,Millet,0.0,8
0.8,0.3,0.6,0.25,Potatoes,0.0,9
0.8,0.3,0.6,0.25,Sorghum,0.0,10
0.8,0.4,0.4,0.15,Soybeans,62.09990038837615,1
0.8,0.4,0.4,0.15,Rice,62.015304502511135,2
0.8,0.4,0.4,0.15,Maize,60.48949651705705,3
0.8,0.4,0.4,0.15,Sugarcane,56.98818578202169,4
0.8,0.4,0.4,0.15,Cassava,18.12142619397228,5
0.8,0.4,0.4,0.15,Wheat,1.0161342535221762,6
0.8,0.4,0.4,0.15,Barley,0.0,7
0.8,0.4,0.4,0.15,Millet,0.0,8
0.8,0.4,0.4,0.15,Potatoes,0.0,9
0.8,0.4,0.4,0.15,Sorghum,0.0,10
0.8,0.4,0.4,0.2,Rice,61.71339350012708,1
0.8,0.4,0.4,0.2,Soybeans,61.609128409085805,2
0.8,0.4,0.4,0.2,Maize,59.81382259934146,3
0.8,0.4,0.4,0.2,Sugarcane,56.79389346937876,4
0.8,0.4,0.4,0.2,Cassava,17.919486474044163,5
0.8,0.4,0.4,0.2,Wheat,1.0119326139849179,6
0.8,0.4,0.4,0.2,Barley,0.0,7
0.8,0.4,0.4,0.2,Millet,0.0,8
0.8,0.4,0.4,0.2,Potatoes,0.0,9
0.8,0.4,0.4,0.2,Sorghum,0.0,10
0.8,0.4,0.4,0.25,Rice,61.53224689869665,1
0.8,0.4,0.4,0.25,Soybeans,61.314665221511596,2
0.8,0.4,0.4,0.25,Maize,59.408418248712096,3
0.8,0.4,0.4,0.25,Sugarcane,56.677318081793004,4
0.8,0.4,0.4,0.25,Cassava,17.798322642087296,5
0.8,0.4,0.4,0.25,Wheat,1.0094116302625629,6
0.8,0.4,0.4,0.25,Barley,0.0,7
0.8,0.4,0.4,0.25,Millet,0.0,8
0.8,0.4,0.4,0.25,Potatoes,0.0,9
0.8,0.4,0.4,0.25,Sorghum,0.0,10
0.8,0.4,0.5,0.15,Rice,61.25974177033753,1
0.8,0.4,0.5,0.15,Soybeans,61.078512597239396,2
0.8,0.4,0.5,0.15,Maize,59.65720827173139,3
0.8,0.4,0.5,0.15,Sugarcane,56.00549529114455,4
0.8,0.4,0.5,0.15,Cassava,17.970058619335607,5
0.8,0.4,0.5,0.15,Wheat,1.0078766060751685,6
0.8,0.4,0.5,0.15,Barley,0.0,7
0.8,0.4,0.5,0.15,Millet,0.0,8
0.8,0.4,0.5,0.15,Potatoes,0.0,9
0.8,0.4,0.5,0.15,Sorghum,0.0,10
0.8,0.4,0.5,0.2,Rice,60.957830767953475,1
0.8,0.4,0.5,0.2,Soybeans,60.58774061794905,2
0.8,0.4,0.5,0.2,Maize,58.98153435401579,3
0.8,0.4,0.5,0.2,Sugarcane,55.81120297850162,4
0.8,0.4,0.5,0.2,Cassava,17.76811889940749,5
0.8,0.4,0.5,0.2,Wheat,1.0036749665379103,6
0.8,0.4,0.5,0.2,Barley,0.0,7
0.8,0.4,0.5,0.2,Millet,0.0,8
0.8,0.4,0.5,0.2,Potatoes,0.0,9
0.8,0.4,0.5,0.2,Sorghum,0.0,10
0.8,0.4,0.5,0.25,Rice,60.77668416652304,1
0.8,0.4,0.5,0.25,Soybeans,60.29327743037484,2
0.8,0.4,0.5,0.25,Maize,58.57613000338644,3
0.8,0.4,0.5,0.25,Sugarcane,55.69462759091587,4
0.8,0.4,0.5,0.25,Cassava,17.646955067450623,5
0.8,0.4,0.5,0.25,Wheat,1.0011539828155553,6
0.8,0.4,0.5,0.25,Barley,0.0,7
0.8,0.4,0.5,0.25,Millet,0.0,8
0.8,0.4,0.5,0.25,Potatoes,0.0,9
0.8,0.4,0.5,0.25,Sorghum,0.0,10
0.8,0.4,0.6,0.15,Rice,60.756033282221786,1
0.8,0.4,0.6,0.15,Soybeans,60.39758740314823,2
0.8,0.4,0.6,0.15,Maize,59.102349441514285,3
0.8,0.4,0.6,0.15,Sugarcane,55.35036829722646,4
0.8,0.4,0.6,0.15,Cassava,17.869146902911158,5
0.8,0.4,0.6,0.15,Wheat,1.0023715077771636,6
0.8,0.4,0.6,0.15,Barley,0.0,7
0.8,0.4,0.6,0.15,Millet,0.0,8
0.8,0.4,0.6,0.15,Potatoes,0.0,9
0.8,0.4,0.6,0.15,Sorghum,0.0,10
0.8,0.4,0.6,0.2,Rice,60.454122279837726,1
0.8,0.4,0.6,0.2,Soybeans,59.90681542385788,2
0.8,0.4,0.6,0.2,Maize,58.426675523798686,3
0.8,0.4,0.6,0.2,Sugarcane,55.15607598458354,4
0.8,0.4,0.6,0.2,Cassava,17.66720718298304,5
0.8,0.4,0.6,0.2,Wheat,0.9981698682399052,6
0.8,0.4,0.6,0.2,Barley,0.0,7
0.8,0.4,0.6,0.2,Millet,0.0,8
0.8,0.4,0.6,0.2,Potatoes,0.0,9
0.8,0.4,0.6,0.2,Sorghum,0.0,10
0.8,0.4,0.6,0.25,Rice,60.27297567840729,1
0.8,0.4,0.6,0.25,Soybeans,59.61235223628367,2
0.8,0.4,0.6,0.25,Maize,58.02127117316933,3
0.8,0.4,0.6,0.25,Sugarcane,55.03950059699778,4
0.8,0.4,0.6,0.25,Cassava,17.54604335102617,5
0.8,0.4,0.6,0.25,Wheat,0.9956488845175502,6
0.8,0.4,0.6,0.25,Barley,0.0,7
0.8,0.4,0.6,0.25,Millet,0.0,8
0.8,0.4,0.6,0.25,Potatoes,0.0,9
0.8,0.4,0.6,0.25,Sorghum,0.0,10
0.8,0.5,0.4,0.15,Soybeans,63.04945380777019,1
0.8,0.5,0.4,0.15,Rice,62.75848391613878,2
0.8,0.5,0.4,0.15,Maize,61.07940754523707,3
0.8,0.5,0.4,0.15,Sugarcane,58.08702068718949,4
0.8,0.5,0.4,0.15,Cassava,18.176009182316044,5
0.8,0.5,0.4,0.15,Wheat,1.023655219806097,6
0.8,0.5,0.4,0.15,Barley,0.0,7
0.8,0.5,0.4,0.15,Millet,0.0,8
0.8,0.5,0.4,0.15,Potatoes,0.0,9
0.8,0.5,0.4,0.15,Sorghum,0.0,10
0.8,0.5,0.4,0.2,Soybeans,62.64047715836157,1
0.8,0.5,0.4,0.2,Rice,62.506891414152065,2
0.8,0.5,0.4,0.2,Maize,60.516345947140735,3
0.8,0.5,0.4,0.2,Sugarcane,57.92511042665372,4
0.8,0.5,0.4,0.2,Cassava,18.00772608237595,5
0.8,0.5,0.4,0.2,Wheat,1.0201538535250483,6
0.8,0.5,0.4,0.2,Barley,0.0,7
0.8,0.5,0.4,0.2,Millet,0.0,8
0.8,0.5,0.4,0.2,Potatoes,0.0,9
0.8,0.5,0.4,0.2,Sorghum,0.0,10
0.8,0.5,0.4,0.25,Soybeans,62.39509116871639,1
0.8,0.5,0.4,0.25,Rice,62.35593591296004,2
0.8,0.5,0.4,0.25,Maize,60.178508988282935,3
0.8,0.5,0.4,0.25,Sugarcane,57.82796427033225,4
0.8,0.5,0.4,0.25,Cassava,17.906756222411893,5
0.8,0.5,0.4,0.25,Wheat,1.0180530337564193,6
0.8,0.5,0.4,0.25,Barley,0.0,7
0.8,0.5,0.4,0.25,Millet,0.0,8
0.8,0.5,0.4,0.25,Potatoes,0.0,9
0.8,0.5,0.4,0.25,Sorghum,0.0,10
0.8,0.5,0.5,0.15,Rice,61.81403050092177,1
0.8,0.5,0.5,0.15,Soybeans,61.772719068849256,2
0.8,0.5,0.5,0.15,Maize,60.03904723857999,3
0.8,0.5,0.5,0.15,Sugarcane,56.858657573593064,4
0.8,0.5,0.5,0.15,Cassava,17.986799714020204,5
0.8,0.5,0.5,0.15,Wheat,1.0133331604973375,6
0.8,0.5,0.5,0.15,Barley,0.0,7
0.8,0.5,0.5,0.15,Millet,0.0,8
0.8,0.5,0.5,0.15,Potatoes,0.0,9
0.8,0.5,0.5,0.15,Sorghum,0.0,10
0.8,0.5,0.5,0.2,Rice,61.56243799893505,1
0.8,0.5,0.5,0.2,Soybeans,61.36374241944063,2
0.8,0.5,0.5,0.2,Maize,59.47598564048366,3
0.8,0.5,0.5,0.2,Sugarcane,56.6967473130573,4
0.8,0.5,0.5,0.2,Cassava,17.818516614080107,5
0.8,0.5,0.5,0.2,Wheat,1.0098317942162889,6
0.8,0.5,0.5,0.2,Barley,0.0,7
0.8,0.5,0.5,0.2,Millet,0.0,8
0.8,0.5,0.5,0.2,Potatoes,0.0,9
0.8,0.5,0.5,0.2,Sorghum,0.0,10
0.8,0.5,0.5,0.25,Rice,61.41148249774303,1
0.8,0.5,0.5,0.25,Soybeans,61.118356429795455,2
0.8,0.5,0.5,0.25,Maize,59.13814868162586,3
0.8,0.5,0.5,0.25,Sugarcane,56.59960115673583,4
0.8,0.5,0.5,0.25,Cassava,17.71754675411605,5
0.8,0.5,0.5,0.25,Wheat,1.0077309744476597,6
0.8,0.5,0.5,0.25,Barley,0.0,7
0.8,0.5,0.5,0.25,Millet,0.0,8
0.8,0.5,0.5,0.25,Potatoes,0.0,9
0.8,0.5,0.5,0.25,Sorghum,0.0,10
0.8,0.5,0.6,0.15,Rice,61.18439489077709,1
0.8,0.5,0.6,0.15,Soybeans,60.92156257623529,2
0.8,0.5,0.6,0.15,Maize,59.345473700808604,3
0.8,0.5,0.6,0.15,Sugarcane,56.03974883119546,4
0.8,0.5,0.6,0.15,Cassava,17.86066006848964,5
0.8,0.5,0.6,0.15,Wheat,1.006451787624831,6
0.8,0.5,0.6,0.15,Barley,0.0,7
0.8,0.5,0.6,0.15,Millet,0.0,8
0.8,0.5,0.6,0.15,Potatoes,0.0,9
0.8,0.5,0.6,0.15,Sorghum,0.0,10
0.8,0.5,0.6,0.2,Rice,60.93280238879038,1
0.8,0.5,0.6,0.2,Soybeans,60.51258592682667,2
0.8,0.5,0.6,0.2,Maize,58.78241210271228,3
0.8,0.5,0.6,0.2,Sugarcane,55.877838570659684,4
0.8,0.5,0.6,0.2,Cassava,17.692376968549546,5
0.8,0.5,0.6,0.2,Wheat,1.0029504213437825,6
0.8,0.5,0.6,0.2,Barley,0.0,7
0.8,0.5,0.6,0.2,Millet,0.0,8
0.8,0.5,0.6,0.2,Potatoes,0.0,9
0.8,0.5,0.6,0.2,Sorghum,0.0,10
0.8,0.5,0.6,0.25,Rice,60.78184688759835,1
0.8,0.5,0.6,0.25,Soybeans,60.267199937181495,2
0.8,0.5,0.6,0.25,Maize,58.44457514385448,3
0.8,0.5,0.6,0.25,Sugarcane,55.78069241433822,4
0.8,0.5,0.6,0.25,Cassava,17.59140710858549,5
0.8,0.5,0.6,0.25,Wheat,1.0008496015751531,6
0.8,0.5,0.6,0.25,Barley,0.0,7
0.8,0.5,0.6,0.25,Millet,0.0,8
0.8,0.5,0.6,0.25,Potatoes,0.0,9
0.8,0.5,0.6,0.25,Sorghum,0.0,10
0.8,0.6,0.4,0.15,Soybeans,63.99900722716423,1
0.8,0.6,0.4,0.15,Rice,63.501663329766416,2
0.8,0.6,0.4,0.15,Maize,61.66931857341708,3
0.8,0.6,0.4,0.15,Sugarcane,59.185855592357285,4
0.8,0.6,0.4,0.15,Cassava,18.230592170659815,5
0.8,0.6,0.4,0.15,Wheat,1.0311761860900177,6
0.8,0.6,0.4,0.15,Barley,0.0,7
0.8,0.6,0.4,0.15,Millet,0.0,8
0.8,0.6,0.4,0.15,Potatoes,0.0,9
0.8,0.6,0.4,0.15,Sorghum,0.0,10
0.8,0.6,0.4,0.2,Soybeans,63.67182590763733,1
0.8,0.6,0.4,0.2,Rice,63.300389328177054,2
0.8,0.6,0.4,0.2,Maize,61.21886929494001,3
0.8,0.6,0.4,0.2,Sugarcane,59.05632738392867,4
0.8,0.6,0.4,0.2,Cassava,18.095965690707736,5
0.8,0.6,0.4,0.2,Wheat,1.028375093065179,6
0.8,0.6,0.4,0.2,Barley,0.0,7
0.8,0.6,0.4,0.2,Millet,0.0,8
0.8,0.6,0.4,0.2,Potatoes,0.0,9
0.8,0.6,0.4,0.2,Sorghum,0.0,10
0.8,0.6,0.4,0.25,Soybeans,63.47551711592119,1
0.8,0.6,0.4,0.25,Rice,63.17962492722343,2
0.8,0.6,0.4,0.25,Maize,60.948599727853775,3
0.8,0.6,0.4,0.25,Sugarcane,58.97861045887149,4
0.8,0.6,0.4,0.25,Cassava,18.01518980273649,5
0.8,0.6,0.4,0.25,Wheat,1.0266944372502755,6
0.8,0.6,0.4,0.25,Barley,0.0,7
0.8,0.6,0.4,0.25,Millet,0.0,8
0.8,0.6,0.4,0.25,Potatoes,0.0,9
0.8,0.6,0.4,0.25,Sorghum,0.0,10
0.8,0.6,0.5,0.15,Soybeans,62.4669255404591,1
0.8,0.6,0.5,0.15,Rice,62.36831923150601,2
0.8,0.6,0.5,0.15,Maize,60.42088620542859,3
0.8,0.6,0.5,0.15,Sugarcane,57.711819856041586,4
0.8,0.6,0.5,0.15,Cassava,18.003540808704802,5
0.8,0.6,0.5,0.15,Wheat,1.0187897149195062,6
0.8,0.6,0.5,0.15,Barley,0.0,7
0.8,0.6,0.5,0.15,Millet,0.0,8
0.8,0.6,0.5,0.15,Potatoes,0.0,9
0.8,0.6,0.5,0.15,Sorghum,0.0,10
0.8,0.6,0.5,0.2,Rice,62.16704522991663,1
0.8,0.6,0.5,0.2,Soybeans,62.13974422093221,2
0.8,0.6,0.5,0.2,Maize,59.97043692695152,3
0.8,0.6,0.5,0.2,Sugarcane,57.58229164761297,4
0.8,0.6,0.5,0.2,Cassava,17.868914328752727,5
0.8,0.6,0.5,0.2,Wheat,1.0159886218946672,6
0.8,0.6,0.5,0.2,Barley,0.0,7
0.8,0.6,0.5,0.2,Millet,0.0,8
0.8,0.6,0.5,0.2,Potatoes,0.0,9
0.8,0.6,0.5,0.2,Sorghum,0.0,10
0.8,0.6,0.5,0.25,Rice,62.04628082896301,1
0.8,0.6,0.5,0.25,Soybeans,61.943435429216066,2
0.8,0.6,0.5,0.25,Maize,59.70016735986528,3
0.8,0.6,0.5,0.25,Sugarcane,57.504574722555795,4
0.8,0.6,0.5,0.25,Cassava,17.78813844078148,5
0.8,0.6,0.5,0.25,Wheat,1.014307966079764,6
0.8,0.6,0.5,0.25,Barley,0.0,7
0.8,0.6,0.5,0.25,Millet,0.0,8
0.8,0.6,0.5,0.25,Potatoes,0.0,9
0.8,0.6,0.5,0.25,Sorghum,0.0,10
0.8,0.6,0.6,0.15,Rice,61.61275649933239,1
0.8,0.6,0.6,0.15,Soybeans,61.445537749322355,2
0.8,0.6,0.6,0.15,Maize,59.58859796010292,3
0.8,0.6,0.6,0.15,Sugarcane,56.729129365164454,4
0.8,0.6,0.6,0.15,Cassava,17.85217323406813,5
0.8,0.6,0.6,0.15,Wheat,1.0105320674724985,6
0.8,0.6,0.6,0.15,Barley,0.0,7
0.8,0.6,0.6,0.15,Millet,0.0,8
0.8,0.6,0.6,0.15,Potatoes,0.0,9
0.8,0.6,0.6,0.15,Sorghum,0.0,10
0.8,0.6,0.6,0.2,Rice,61.41148249774303,1
0.8,0.6,0.6,0.2,Soybeans,61.118356429795455,2
0.8,0.6,0.6,0.2,Maize,59.13814868162586,3
0.8,0.6,0.6,0.2,Sugarcane,56.59960115673583,4
0.8,0.6,0.6,0.2,Cassava,17.71754675411605,5
0.8,0.6,0.6,0.2,Wheat,1.0077309744476597,6
0.8,0.6,0.6,0.2,Barley,0.0,7
0.8,0.6,0.6,0.2,Millet,0.0,8
0.8,0.6,0.6,0.2,Potatoes,0.0,9
0.8,0.6,0.6,0.2,Sorghum,0.0,10
0.8,0.6,0.6,0.25,Rice,61.290718096789405,1
0.8,0.6,0.6,0.25,Soybeans,60.92204763807931,2
0.8,0.6,0.6,0.25,Maize,58.867879114539626,3
0.8,0.6,0.6,0.25,Sugarcane,56.52188423167866,4
0.8,0.6,0.6,0.25,Cassava,17.636770866144804,5
0.8,0.6,0.6,0.25,Wheat,1.0060503186327563,6
0.8,0.6,0.6,0.25,Barley,0.0,7
0.8,0.6,0.6,0.25,Millet,0.0,8
0.8,0.6,0.6,0.25,Potatoes,0.0,9
0.8,0.6,0.6,0.25,Sorghum,0.0,10
0.8,0.7,0.4,0.15,Soybeans,64.94856064655828,1
0.8,0.7,0.4,0.15,Rice,64.24484274339406,2
0.8,0.7,0.4,0.15,Maize,62.259229601597085,3
0.8,0.7,0.4,0.15,Sugarcane,60.284690497525084,4
0.8,0.7,0.4,0.15,Cassava,18.28517515900358,5
0.8,0.7,0.4,0.15,Wheat,1.0386971523739383,6
0.8,0.7,0.4,0.15,Barley,0.0,7
0.8,0.7,0.4,0.15,Millet,0.0,8
0.8,0.7,0.4,0.15,Potatoes,0.0,9
0.8,0.7,0.4,0.15,Sorghum,0.0,10
0.8,0.7,0.4,0.2,Soybeans,64.70317465691309,1
0.8,0.7,0.4,0.2,Rice,64.09388724220203,2
0.8,0.7,0.4,0.2,Maize,61.921392642739285,3
0.8,0.7,0.4,0.2,Sugarcane,60.187544341203626,4
0.8,0.7,0.4,0.2,Cassava,18.184205299039522,5
0.8,0.7,0.4,0.2,Wheat,1.0365963326053094,6
0.8,0.7,0.4,0.2,Barley,0.0,7
0.8,0.7,0.4,0.2,Millet,0.0,8
0.8,0.7,0.4,0.2,Potatoes,0.0,9
0.8,0.7,0.4,0.2,Sorghum,0.0,10
0.8,0.7,0.4,0.25,Soybeans,64.555943063126,1
0.8,0.7,0.4,0.25,Rice,64.00331394148682,2
0.8,0.7,0.4,0.25,Maize,61.71869046742461,3
0.8,0.7,0.4,0.25,Sugarcane,60.12925664741074,4
0.8,0.7,0.4,0.25,Cassava,18.123623383061087,5
0.8,0.7,0.4,0.25,Wheat,1.0353358407441318,6
0.8,0.7,0.4,0.25,Barley,0.0,7
0.8,0.7,0.4,0.25,Millet,0.0,8
0.8,0.7,0.4,0.25,Potatoes,0.0,9
0.8,0.7,0.4,0.25,Sorghum,0.0,10
0.8,0.7,0.5,0.15,Soybeans,63.161132012068954,1
0.8,0.7,0.5,0.15,Rice,62.92260796209025,2
0.8,0.7,0.5,0.15,Maize,60.802725172277185,3
0.8,0.7,0.5,0.15,Sugarcane,58.5649821384901,4
0.8,0.7,0.5,0.15,Cassava,18.020281903389396,5
0.8,0.7,0.5,0.15,Wheat,1.024246269341675,6
0.8,0.7,0.5,0.15,Barley,0.0,7
0.8,0.7,0.5,0.15,Millet,0.0,8
0.8,0.7,0.5,0.15,Potatoes,0.0,9
0.8,0.7,0.5,0.15,Sorghum,0.0,10
0.8,0.7,0.5,0.2,Soybeans,62.91574602242378,1
0.8,0.7,0.5,0.2,Rice,62.77165246089822,2
0.8,0.7,0.5,0.2,Maize,60.464888213419385,3
0.8,0.7,0.5,0.2,Sugarcane,58.467835982168644,4
0.8,0.7,0.5,0.2,Cassava,17.919312043425343,5
0.8,0.7,0.5,0.2,Wheat,1.0221454495730458,6
0.8,0.7,0.5,0.2,Barley,0.0,7
0.8,0.7,0.5,0.2,Millet,0.0,8
0.8,0.7,0.5,0.2,Potatoes,0.0,9
0.8,0.7,0.5,0.2,Sorghum,0.0,10
0.8,0.7,0.5,0.25,Soybeans,62.76851442863668,1
0.8,0.7,0.5,0.25,Rice,62.681079160183,2
0.8,0.7,0.5,0.25,Maize,60.2621860381047,3
0.8,0.7,0.5,0.25,Sugarcane,58.40954828837576,4
0.8,0.7,0.5,0.25,Cassava,17.858730127446908,5
0.8,0.7,0.5,0.25,Wheat,1.0208849577118684,6
0.8,0.7,0.5,0.25,Barley,0.0,7
0.8,0.7,0.5,0.25,Millet,0.0,8
0.8,0.7,0.5,0.25,Potatoes,0.0,9
0.8,0.7,0.5,0.25,Sorghum,0.0,10
0.8,0.7,0.6,0.15,Rice,62.041118107887705,1
0.8,0.7,0.6,0.15,Soybeans,61.969512922409415,2
0.8,0.7,0.6,0.15,Maize,59.83172221939724,3
0.8,0.7,0.6,0.15,Sugarcane,57.41850989913345,4
0.8,0.7,0.6,0.15,Cassava,17.84368639964661,5
0.8,0.7,0.6,0.15,Wheat,1.014612347320166,6
0.8,0.7,0.6,0.15,Barley,0.0,7
0.8,0.7,0.6,0.15,Millet,0.0,8
0.8,0.7,0.6,0.15,Potatoes,0.0,9
0.8,0.7,0.6,0.15,Sorghum,0.0,10
0.8,0.7,0.6,0.2,Rice,61.89016260669567,1
0.8,0.7,0.6,0.2,Soybeans,61.72412693276424,2
0.8,0.7,0.6,0.2,Maize,59.49388526053944,3
0.8,0.7,0.6,0.2,Sugarcane,57.32136374281198,4
0.8,0.7,0.6,0.2,Cassava,17.742716539682554,5
0.8,0.7,0.6,0.2,Wheat,1.0125115275515368,6
0.8,0.7,0.6,0.2,Barley,0.0,7
0.8,0.7,0.6,0.2,Millet,0.0,8
0.8,0.7,0.6,0.2,Potatoes,0.0,9
0.8,0.7,0.6,0.2,Sorghum,0.0,10
0.8,0.7,0.6,0.25,Rice,61.799589305980454,1
0.8,0.7,0.6,0.25,Soybeans,61.57689533897714,2
0.8,0.7,0.6,0.25,Maize,59.291183085224766,3
0.8,0.7,0.6,0.25,Sugarcane,57.263076049019105,4
0.8,0.7,0.6,0.25,Cassava,17.68213462370412,5
0.8,0.7,0.6,0.25,Wheat,1.0112510356903595,6
0.8,0.7,0.6,0.25,Barley,0.0,7
0.8,0.7,0.6,0.25,Millet,0.0,8
0.8,0.7,0.6,0.25,Potatoes,0.0,9
0.8,0.7,0.6,0.25,Sorghum,0.0,10
